Rank,Team,University,Conference,Goalie Won,Goalie Loss,Goalie Tied,Pct.,Year,Sportstype,,,,,,,,,
1,Minnesota St.,"Minnesota State University, Mankato ",CCHA,38,6,0,0.864,2021,M,,,,,,,,,
2,Quinnipiac,Quinnipiac University ,ECAC Hockey,32,7,3,0.798,2021,M,,,,,,,,,
3,Denver,University of Denver ,NCHC,31,9,1,0.768,2021,M,,,,,,,,,
4,Michigan,University of Michigan ,Big Ten,31,10,1,0.75,2021,M,,,,,,,,,
5,Notre Dame,University of Notre Dame ,Big Ten,28,12,0,0.7,2021,M,,,,,,,,,
6,Western Mich.,Western Michigan University ,NCHC,26,12,1,0.679,2021,M,,,,,,,,,
7,Minnesota,University of Minnesota ,Big Ten,26,13,0,0.667,2021,M,,,,,,,,,
8,Northeastern,Northeastern University ,Hockey East,25,13,1,0.654,2021,M,,,,,,,,,
9,Clarkson,Clarkson University ,ECAC Hockey,21,10,6,0.649,2021,M,,,,,,,,,
10,Harvard,Harvard University ,ECAC Hockey,21,11,3,0.643,2021,M,,,,,,,,,
10,UMass Lowell,University of Massachusetts Lowell ,Hockey East,21,11,3,0.643,2021,M,,,,,,,,,
12,North Dakota,University of North Dakota ,NCHC,24,14,1,0.628,2021,M,,,,,,,,,
13,Cornell,Cornell University ,ECAC Hockey,18,10,4,0.625,2021,M,,,,,,,,,
14,Massachusetts,University of Massachusetts Amherst ,Hockey East,22,13,2,0.622,2021,M,,,,,,,,,
14,Ohio St.,The Ohio State University ,Big Ten,22,13,2,0.622,2021,M,,,,,,,,,
16,American Int'l,American International College ,Atlantic Hockey,22,13,3,0.618,2021,M,,,,,,,,,
17,Michigan Tech,Michigan Technological University ,CCHA,21,13,3,0.608,2021,M,,,,,,,,,
18,Providence,Providence College ,Hockey East,22,14,2,0.605,2021,M,,,,,,,,,
19,Boston U.,Boston University ,Hockey East,19,13,3,0.586,2021,M,,,,,,,,,
20,Minn. Duluth,University of Minnesota Duluth ,NCHC,22,16,4,0.571,2021,M,,,,,,,,,
21,Merrimack,Merrimack College ,Hockey East,19,15,1,0.557,2021,M,,,,,,,,,
22,UConn,University of Connecticut (UConn) ,Hockey East,20,16,0,0.556,2021,M,,,,,,,,,
23,Northern Mich.,Northern Michigan University ,CCHA,20,16,1,0.554,2021,M,,,,,,,,,
24,Omaha,University of Nebraska Omaha ,NCHC,21,17,0,0.553,2021,M,,,,,,,,,
25,St. Cloud St.,St. Cloud State University ,NCHC,18,15,4,0.541,2021,M,,,,,,,,,
26,RIT,Rochester Institute of Technology (RIT) ,Atlantic Hockey,18,16,4,0.526,2021,M,,,,,,,,,
27,Arizona St.,Arizona State University ,DI Independent,17,17,1,0.5,2021,M,,,,,,,,,
27,Canisius,Canisius College ,Atlantic Hockey,16,16,3,0.5,2021,M,,,,,,,,,
27,Colgate,Colgate University ,ECAC Hockey,18,18,4,0.5,2021,M,,,,,,,,,
27,Lake Superior St.,Lake Superior State University ,CCHA,18,18,1,0.5,2021,M,,,,,,,,,
31,Bemidji St.,Bemidji State University ,CCHA,19,20,0,0.487,2021,M,,,,,,,,,
32,Air Force,United States Air Force Academy ,Atlantic Hockey,16,17,3,0.486,2021,M,,,,,,,,,
33,Mercyhurst,Mercyhurst University ,Atlantic Hockey,16,19,4,0.462,2021,M,,,,,,,,,
34,Boston College,Boston College ,Hockey East,15,18,5,0.461,2021,M,,,,,,,,,
34,Penn St.,Pennsylvania State University ,Big Ten,17,20,1,0.461,2021,M,,,,,,,,,
36,Sacred Heart,Sacred Heart University ,Atlantic Hockey,15,18,4,0.459,2021,M,,,,,,,,,
37,Army West Point,United States Military Academy (Army) ,Atlantic Hockey,14,17,4,0.457,2021,M,,,,,,,,,
38,Bowling Green,Bowling Green State University ,CCHA,15,19,3,0.446,2021,M,,,,,,,,,
39,Rensselaer,Rensselaer Polytechnic Institute (RPI) ,ECAC Hockey,18,23,3,0.443,2021,M,,,,,,,,,
40,Alas. Fairbanks,University of Alaska Fairbanks ,DI Independent,14,18,2,0.441,2021,M,,,,,,,,,
41,Union,Union College (New York) ,NY,14,19,4,0.432,2021,M,,,,,,,,,
42,New Hampshire,University of New Hampshire ,Hockey East,14,19,1,0.426,2021,M,,,,,,,,,
43,Bentley,Bentley University ,Atlantic Hockey,14,20,2,0.417,2021,M,,,,,,,,,
44,St. Lawrence,St. Lawrence University ,ECAC Hockey,11,19,7,0.392,2021,M,,,,,,,,,
45,Holy Cross,College of the Holy Cross ,Atlantic Hockey,12,23,2,0.351,2021,M,,,,,,,,,
46,Michigan St.,Michigan State University ,Big Ten,12,23,1,0.347,2021,M,,,,,,,,,
46,Niagara,Niagara University ,Atlantic Hockey,11,22,3,0.347,2021,M,,,,,,,,,
48,LIU,Long Island University ,DI Independent,10,21,3,0.338,2021,M,,,,,,,,,
49,Ferris St.,Ferris State University ,CCHA,11,24,1,0.319,2021,M,,,,,,,,,
50,Wisconsin,University of Wisconsin,Big Ten,10,24,3,0.311,2021,M,,,,,,,,,
51,Colorado Col.,Colorado College ,NCHC,9,24,3,0.292,2021,M,,,,,,,,,
52,Brown,Brown University ,ECAC Hockey,7,20,4,0.29,2021,M,,,,,,,,,
52,Princeton,Princeton University ,ECAC Hockey,8,21,2,0.29,2021,M,,,,,,,,,
54,Yale,Yale University ,ECAC Hockey,8,21,1,0.283,2021,M,,,,,,,,,
55,Maine,University of Maine ,Hockey East,7,22,4,0.273,2021,M,,,,,,,,,
56,Dartmouth,Dartmouth College ,ECAC Hockey,7,22,3,0.266,2021,M,,,,,,,,,
57,Vermont,University of Vermont ,Hockey East,8,25,2,0.257,2021,M,,,,,,,,,
58,Miami,Miami University (Ohio) ,OH,7,27,2,0.222,2021,M,,,,,,,,,
59,St. Thomas,University of St. Thomas (Minnesota) ,MN,3,32,1,0.097,2021,M,,,,,,,,,
1,Massachusetts,University of Massachusetts Amherst ,Hockey East,4,0,0,1,2020,M,,,,,,,,,
2,St. Cloud St.,St. Cloud State University ,NCHC,3,1,0,0.75,2020,M,,,,,,,,,
3,Minnesota St.,"Minnesota State University, Mankato ",WCHA,2,1,0,0.667,2020,M,,,,,,,,,
4,Bemidji St.,Bemidji State University ,WCHA,1,1,0,0.5,2020,M,,,,,,,,,
4,Minn. Duluth,University of Minnesota Duluth ,NCHC,1,1,0,0.5,2020,M,,,,,,,,,
4,Minnesota,University of Minnesota ,Big Ten,1,1,0,0.5,2020,M,,,,,,,,,
4,North Dakota,University of North Dakota ,NCHC,1,1,0,0.5,2020,M,,,,,,,,,
8,American Int'l,American International College ,Atlantic Hockey,0,1,0,0,2020,M,,,,,,,,,
8,Boston College,Boston College ,Hockey East,0,1,0,0,2020,M,,,,,,,,,
8,Boston U.,Boston University ,Hockey East,0,1,0,0,2020,M,,,,,,,,,
8,Lake Superior St.,Lake Superior State University ,WCHA,0,1,0,0,2020,M,,,,,,,,,
8,Omaha,University of Nebraska Omaha ,NCHC,0,1,0,0,2020,M,,,,,,,,,
8,Quinnipiac,Quinnipiac University ,ECAC Hockey,0,1,0,0,2020,M,,,,,,,,,
8,Wisconsin,University of Wisconsin,Big Ten,0,1,0,0,2020,M,,,,,,,,,
1,Cornell,Cornell University ,ECAC Hockey,23,2,4,0.862,2019,M,,,,,,,,,
2,Minnesota St.,"Minnesota State University, Mankato ",WCHA,31,5,2,0.842,2019,M,,,,,,,,,
3,North Dakota,University of North Dakota ,NCHC,26,5,4,0.8,2019,M,,,,,,,,,
4,Boston College,Boston College ,Hockey East,24,8,2,0.735,2019,M,,,,,,,,,
5,Clarkson,Clarkson University ,ECAC Hockey,23,8,3,0.721,2019,M,,,,,,,,,
6,Minn. Duluth,University of Minnesota Duluth ,NCHC,22,10,2,0.676,2019,M,,,,,,,,,
7,Denver,University of Denver ,NCHC,21,9,6,0.667,2019,M,,,,,,,,,
8,Bemidji St.,Bemidji State University ,WCHA,22,10,5,0.662,2019,M,,,,,,,,,
9,Sacred Heart,Sacred Heart University ,Atlantic Hockey,21,10,3,0.662,2019,M,,,,,,,,,
10,Arizona St.,Arizona State University ,DI Independent,22,11,3,0.653,2019,M,,,,,,,,,
11,Penn St.,Pennsylvania State University ,Big Ten,20,10,4,0.647,2019,M,,,,,,,,,
11,Massachusetts,University of Massachusetts Amherst ,Hockey East,21,11,2,0.647,2019,M,,,,,,,,,
11,Quinnipiac,Quinnipiac University ,ECAC Hockey,21,11,2,0.647,2019,M,,,,,,,,,
14,American Int'l,American International College ,Atlantic Hockey,21,12,1,0.632,2019,M,,,,,,,,,
15,Ohio St.,The Ohio State University ,Big Ten,20,11,5,0.625,2019,M,,,,,,,,,
16,UMass Lowell,University of Massachusetts Lowell ,Hockey East,18,10,6,0.618,2019,M,,,,,,,,,
17,Bowling Green,Bowling Green State University ,WCHA,21,13,4,0.605,2019,M,,,,,,,,,
18,Maine,University of Maine ,Hockey East,18,11,5,0.603,2019,M,,,,,,,,,
19,RIT,Rochester Institute of Technology (RIT) ,Atlantic Hockey,19,13,4,0.583,2019,M,,,,,,,,,
20,Harvard,Harvard University ,ECAC Hockey,15,10,6,0.581,2019,M,,,,,,,,,
21,Michigan Tech,Michigan Technological University ,WCHA,21,15,3,0.577,2019,M,,,,,,,,,
22,Northeastern,Northeastern University ,Hockey East,18,13,3,0.574,2019,M,,,,,,,,,
23,Western Mich.,Western Michigan University ,NCHC,18,13,5,0.569,2019,M,,,,,,,,,
24,Army West Point,United States Military Academy (Army) ,Atlantic Hockey,17,13,3,0.561,2019,M,,,,,,,,,
25,Providence,Providence College ,Hockey East,16,12,6,0.559,2019,M,,,,,,,,,
26,Michigan,University of Michigan ,Big Ten,18,14,4,0.556,2019,M,,,,,,,,,
27,Rensselaer,Rensselaer Polytechnic Institute (RPI) ,ECAC Hockey,17,15,2,0.529,2019,M,,,,,,,,,
28,Minnesota,University of Minnesota ,Big Ten,16,14,7,0.527,2019,M,,,,,,,,,
29,Northern Mich.,Northern Michigan University ,WCHA,18,16,4,0.526,2019,M,,,,,,,,,
30,Bentley,Bentley University ,Atlantic Hockey,17,16,3,0.514,2019,M,,,,,,,,,
30,Alas. Fairbanks,University of Alaska Fairbanks ,WCHA,16,15,5,0.514,2019,M,,,,,,,,,
32,Yale,Yale University ,ECAC Hockey,15,15,2,0.5,2019,M,,,,,,,,,
32,Boston U.,Boston University ,Hockey East,13,13,8,0.5,2019,M,,,,,,,,,
32,UConn,University of Connecticut (UConn) ,Hockey East,15,15,4,0.5,2019,M,,,,,,,,,
32,Notre Dame,University of Notre Dame ,Big Ten,15,15,7,0.5,2019,M,,,,,,,,,
32,New Hampshire,University of New Hampshire ,Hockey East,15,15,4,0.5,2019,M,,,,,,,,,
37,Dartmouth,Dartmouth College ,ECAC Hockey,13,14,4,0.484,2019,M,,,,,,,,,
38,St. Cloud St.,St. Cloud State University ,NCHC,13,15,6,0.471,2019,M,,,,,,,,,
39,Omaha,University of Nebraska Omaha ,NCHC,14,17,5,0.458,2019,M,,,,,,,,,
40,Colgate,Colgate University ,ECAC Hockey,12,16,8,0.444,2019,M,,,,,,,,,
40,Michigan St.,Michigan State University ,Big Ten,15,19,2,0.444,2019,M,,,,,,,,,
42,Robert Morris,Robert Morris University ,Atlantic Hockey,13,19,5,0.419,2019,M,,,,,,,,,
43,Wisconsin,University of Wisconsin,Big Ten,14,20,2,0.417,2019,M,,,,,,,,,
43,Air Force,United States Air Force Academy ,Atlantic Hockey,12,18,6,0.417,2019,M,,,,,,,,,
45,Niagara,Niagara University ,Atlantic Hockey,12,18,4,0.412,2019,M,,,,,,,,,
46,Lake Superior St.,Lake Superior State University ,WCHA,14,23,4,0.39,2019,M,,,,,,,,,
47,Colorado Col.,Colorado College ,NCHC,11,20,3,0.368,2019,M,,,,,,,,,
48,Holy Cross,College of the Holy Cross ,Atlantic Hockey,11,21,5,0.365,2019,M,,,,,,,,,
49,Canisius,Canisius College ,Atlantic Hockey,10,20,6,0.361,2019,M,,,,,,,,,
50,Miami,Miami University (Ohio) ,OH,8,21,5,0.309,2019,M,,,,,,,,,
50,Merrimack,Merrimack College ,Hockey East,9,22,3,0.309,2019,M,,,,,,,,,
52,Brown,Brown University ,ECAC Hockey,8,21,2,0.29,2019,M,,,,,,,,,
53,Princeton,Princeton University ,ECAC Hockey,6,20,5,0.274,2019,M,,,,,,,,,
54,Union,Union College (New York) ,NY,8,25,4,0.27,2019,M,,,,,,,,,
55,Vermont,University of Vermont ,Hockey East,5,23,6,0.235,2019,M,,,,,,,,,
56,Ferris St.,Ferris State University ,WCHA,7,26,2,0.229,2019,M,,,,,,,,,
57,Alas. Anchorage,University of Alaska Anchorage ,WCHA,4,25,7,0.208,2019,M,,,,,,,,,
58,St. Lawrence,St. Lawrence University ,ECAC Hockey,4,27,5,0.181,2019,M,,,,,,,,,
59,Mercyhurst,Mercyhurst University ,Atlantic Hockey,5,29,2,0.167,2019,M,,,,,,,,,
60,Alabama Huntsville,University of Alabama in Huntsville ,WCHA,2,26,6,0.147,2019,M,,,,,,,,,
1,St. Cloud St.,St. Cloud State University ,NCHC,30,6,3,0.808,2018,M,,,,,,,,,
2,Minnesota St.,"Minnesota State University, Mankato ",WCHA,32,8,2,0.786,2018,M,,,,,,,,,
3,Massachusetts,University of Massachusetts Amherst ,Hockey East,31,10,0,0.756,2018,M,,,,,,,,,
4,Minn. Duluth,University of Minnesota Duluth ,NCHC,29,11,2,0.714,2018,M,,,,,,,,,
5,Quinnipiac,Quinnipiac University ,ECAC Hockey,26,10,2,0.711,2018,M,,,,,,,,,
6,Northeastern,Northeastern University ,Hockey East,27,11,1,0.705,2018,M,,,,,,,,,
7,Clarkson,Clarkson University ,ECAC Hockey,26,11,2,0.692,2018,M,,,,,,,,,
8,Bowling Green,Bowling Green State University ,WCHA,25,11,5,0.671,2018,M,,,,,,,,,
9,Denver,University of Denver ,NCHC,24,12,5,0.646,2018,M,,,,,,,,,
10,Providence,Providence College ,Hockey East,24,12,6,0.643,2018,M,,,,,,,,,
11,Cornell,Cornell University ,ECAC Hockey,21,11,4,0.639,2018,M,,,,,,,,,
12,Lake Superior St.,Lake Superior State University ,WCHA,23,13,2,0.632,2018,M,,,,,,,,,
13,Ohio St.,The Ohio State University ,Big Ten,20,11,5,0.625,2018,M,,,,,,,,,
14,Harvard,Harvard University ,ECAC Hockey,19,11,3,0.621,2018,M,,,,,,,,,
15,Arizona St.,Arizona State University ,DI Independent,21,13,1,0.614,2018,M,,,,,,,,,
16,Notre Dame,University of Notre Dame ,Big Ten,23,14,3,0.613,2018,M,,,,,,,,,
17,Penn St.,Pennsylvania State University ,Big Ten,22,15,2,0.59,2018,M,,,,,,,,,
17,Union,Union College (New York) ,NY,20,13,6,0.59,2018,M,,,,,,,,,
19,Western Mich.,Western Michigan University ,NCHC,21,15,1,0.581,2018,M,,,,,,,,,
19,UMass Lowell,University of Massachusetts Lowell ,Hockey East,19,13,5,0.581,2018,M,,,,,,,,,
21,American Int'l,American International College ,Atlantic Hockey,23,17,1,0.573,2018,M,,,,,,,,,
22,Northern Mich.,Northern Michigan University ,WCHA,21,16,2,0.564,2018,M,,,,,,,,,
23,Bentley,Bentley University ,Atlantic Hockey,17,15,5,0.527,2018,M,,,,,,,,,
24,Minnesota,University of Minnesota ,Big Ten,18,16,4,0.526,2018,M,,,,,,,,,
25,Brown,Brown University ,ECAC Hockey,15,14,5,0.515,2018,M,,,,,,,,,
26,Air Force,United States Air Force Academy ,Atlantic Hockey,16,15,5,0.514,2018,M,,,,,,,,,
27,North Dakota,University of North Dakota ,NCHC,18,17,2,0.514,2018,M,,,,,,,,,
28,Yale,Yale University ,ECAC Hockey,15,15,3,0.5,2018,M,,,,,,,,,
28,RIT,Rochester Institute of Technology (RIT) ,Atlantic Hockey,17,17,4,0.5,2018,M,,,,,,,,,
30,Sacred Heart,Sacred Heart University ,Atlantic Hockey,16,17,4,0.486,2018,M,,,,,,,,,
31,Niagara,Niagara University ,Atlantic Hockey,17,19,5,0.476,2018,M,,,,,,,,,
32,Bemidji St.,Bemidji State University ,WCHA,15,17,6,0.474,2018,M,,,,,,,,,
32,Boston U.,Boston University ,Hockey East,16,18,4,0.474,2018,M,,,,,,,,,
34,Maine,University of Maine ,Hockey East,15,17,4,0.472,2018,M,,,,,,,,,
35,Colorado Col.,Colorado College ,NCHC,17,20,4,0.463,2018,M,,,,,,,,,
36,New Hampshire,University of New Hampshire ,Hockey East,12,15,9,0.458,2018,M,,,,,,,,,
36,Michigan,University of Michigan ,Big Ten,13,16,7,0.458,2018,M,,,,,,,,,
38,Wisconsin,University of Wisconsin,Big Ten,14,18,5,0.446,2018,M,,,,,,,,,
39,Dartmouth,Dartmouth College ,ECAC Hockey,13,17,4,0.441,2018,M,,,,,,,,,
40,Robert Morris,Robert Morris University ,Atlantic Hockey,16,22,2,0.425,2018,M,,,,,,,,,
41,Michigan Tech,Michigan Technological University ,WCHA,14,20,4,0.421,2018,M,,,,,,,,,
42,Michigan St.,Michigan State University ,Big Ten,12,19,5,0.403,2018,M,,,,,,,,,
42,Canisius,Canisius College ,Atlantic Hockey,12,19,5,0.403,2018,M,,,,,,,,,
44,Mercyhurst,Mercyhurst University ,Atlantic Hockey,13,21,5,0.397,2018,M,,,,,,,,,
44,Army West Point,United States Military Academy (Army) ,Atlantic Hockey,12,20,7,0.397,2018,M,,,,,,,,,
44,Boston College,Boston College ,Hockey East,14,22,3,0.397,2018,M,,,,,,,,,
47,Vermont,University of Vermont ,Hockey East,12,19,3,0.397,2018,M,,,,,,,,,
48,UConn,University of Connecticut (UConn) ,Hockey East,12,20,2,0.382,2018,M,,,,,,,,,
49,Alas. Fairbanks,University of Alaska Fairbanks ,WCHA,12,21,3,0.375,2018,M,,,,,,,,,
50,Princeton,Princeton University ,ECAC Hockey,10,18,3,0.371,2018,M,,,,,,,,,
51,Holy Cross,College of the Holy Cross ,Atlantic Hockey,10,21,5,0.347,2018,M,,,,,,,,,
52,Miami,Miami University (Ohio) ,OH,11,23,4,0.342,2018,M,,,,,,,,,
53,Colgate,Colgate University ,ECAC Hockey,10,23,3,0.319,2018,M,,,,,,,,,
53,Ferris St.,Ferris State University ,WCHA,10,23,3,0.319,2018,M,,,,,,,,,
53,Rensselaer,Rensselaer Polytechnic Institute (RPI) ,ECAC Hockey,10,23,3,0.319,2018,M,,,,,,,,,
56,Omaha,University of Nebraska Omaha ,NCHC,9,24,3,0.292,2018,M,,,,,,,,,
57,Merrimack,Merrimack College ,Hockey East,7,24,3,0.25,2018,M,,,,,,,,,
58,Alabama Huntsville,University of Alabama in Huntsville ,WCHA,8,28,2,0.237,2018,M,,,,,,,,,
59,St. Lawrence,St. Lawrence University ,ECAC Hockey,6,29,2,0.189,2018,M,,,,,,,,,
60,Alas. Anchorage,University of Alaska Anchorage ,WCHA,3,28,3,0.132,2018,M,,,,,,,,,
1,Cornell,Cornell University ,ECAC Hockey,25,6,2,0.788,2017,M,,,,,,,,,
2,Minnesota St.,"Minnesota State University, Mankato ",WCHA,29,10,1,0.738,2017,M,,,,,,,,,
3,Notre Dame,University of Notre Dame ,Big Ten,28,10,2,0.725,2017,M,,,,,,,,,
4,St. Cloud St.,St. Cloud State University ,NCHC,25,9,6,0.7,2017,M,,,,,,,,,
5,Ohio St.,The Ohio State University ,Big Ten,26,10,5,0.695,2017,M,,,,,,,,,
6,Northeastern,Northeastern University ,Hockey East,23,10,5,0.671,2017,M,,,,,,,,,
7,Denver,University of Denver ,NCHC,23,10,8,0.659,2017,M,,,,,,,,,
8,Providence,Providence College ,Hockey East,24,12,4,0.65,2017,M,,,,,,,,,
8,Clarkson,Clarkson University ,ECAC Hockey,23,11,6,0.65,2017,M,,,,,,,,,
10,Bowling Green,Bowling Green State University ,WCHA,23,12,6,0.634,2017,M,,,,,,,,,
11,Mercyhurst,Mercyhurst University ,Atlantic Hockey,21,12,4,0.622,2017,M,,,,,,,,,
12,Northern Mich.,Northern Michigan University ,WCHA,25,15,3,0.616,2017,M,,,,,,,,,
13,Minn. Duluth,University of Minnesota Duluth ,NCHC,25,16,3,0.602,2017,M,,,,,,,,,
14,Boston U.,Boston University ,Hockey East,22,14,4,0.6,2017,M,,,,,,,,,
15,Air Force,United States Air Force Academy ,Atlantic Hockey,23,15,5,0.593,2017,M,,,,,,,,,
16,Michigan,University of Michigan ,Big Ten,22,15,3,0.588,2017,M,,,,,,,,,
17,Princeton,Princeton University ,Ivy League,19,13,4,0.583,2017,M,,,,,,,,,
18,Boston College,Boston College ,Hockey East,20,14,3,0.581,2017,M,,,,,,,,,
19,Union,Union College (New York) ,NY,21,15,2,0.579,2017,M,,,,,,,,,
20,Michigan Tech,Michigan Technological University ,WCHA,22,17,5,0.557,2017,M,,,,,,,,,
21,North Dakota,University of North Dakota ,NCHC,17,13,10,0.55,2017,M,,,,,,,,,
22,Penn St.,Pennsylvania State University ,Big Ten,18,15,5,0.539,2017,M,,,,,,,,,
23,Bemidji St.,Bemidji State University ,WCHA,16,14,8,0.526,2017,M,,,,,,,,,
23,Maine,University of Maine ,Hockey East,18,16,4,0.526,2017,M,,,,,,,,,
23,Canisius,Canisius College ,Atlantic Hockey,19,17,2,0.526,2017,M,,,,,,,,,
23,Minnesota,University of Minnesota ,Big Ten,19,17,2,0.526,2017,M,,,,,,,,,
27,Harvard,Harvard University ,ECAC Hockey,15,14,4,0.515,2017,M,,,,,,,,,
28,Colgate,Colgate University ,ECAC Hockey,17,17,6,0.5,2017,M,,,,,,,,,
28,Army West Point,United States Military Academy (Army) ,Atlantic Hockey,15,15,6,0.5,2017,M,,,,,,,,,
28,Yale,Yale University ,Ivy League,15,15,1,0.5,2017,M,,,,,,,,,
28,Omaha,University of Nebraska Omaha ,NCHC,17,17,2,0.5,2017,M,,,,,,,,,
32,Dartmouth,Dartmouth College ,Ivy League,16,17,2,0.486,2017,M,,,,,,,,,
33,Robert Morris,Robert Morris University ,Atlantic Hockey,18,20,3,0.476,2017,M,,,,,,,,,
34,Quinnipiac,Quinnipiac University ,ECAC Hockey,16,18,4,0.474,2017,M,,,,,,,,,
35,Colorado Col.,Colorado College ,NCHC,15,17,5,0.473,2017,M,,,,,,,,,
36,UMass Lowell,University of Massachusetts Lowell ,Hockey East,17,19,0,0.472,2017,M,,,,,,,,,
37,Massachusetts,University of Massachusetts Amherst ,Hockey East,17,20,2,0.462,2017,M,,,,,,,,,
38,Holy Cross,College of the Holy Cross ,Atlantic Hockey,13,16,7,0.458,2017,M,,,,,,,,,
39,Western Mich.,Western Michigan University ,NCHC,15,19,2,0.444,2017,M,,,,,,,,,
39,UConn,University of Connecticut (UConn) ,Hockey East,15,19,2,0.444,2017,M,,,,,,,,,
41,American Int'l,American International College ,Atlantic Hockey,15,20,4,0.436,2017,M,,,,,,,,,
42,Wisconsin,University of Wisconsin,Big Ten,14,19,4,0.432,2017,M,,,,,,,,,
42,RIT,Rochester Institute of Technology (RIT) ,Atlantic Hockey,15,20,2,0.432,2017,M,,,,,,,,,
42,Bentley,Bentley University ,Atlantic Hockey,13,18,6,0.432,2017,M,,,,,,,,,
45,Miami,Miami University (Ohio) ,OH,12,20,5,0.392,2017,M,,,,,,,,,
46,Sacred Heart,Sacred Heart University ,Atlantic Hockey,13,22,4,0.385,2017,M,,,,,,,,,
47,Ferris St.,Ferris State University ,WCHA,14,23,1,0.382,2017,M,,,,,,,,,
48,Merrimack,Merrimack College ,Hockey East,12,21,4,0.378,2017,M,,,,,,,,,
49,Vermont,University of Vermont ,Hockey East,10,20,7,0.365,2017,M,,,,,,,,,
50,Michigan St.,Michigan State University ,Big Ten,12,22,2,0.361,2017,M,,,,,,,,,
50,New Hampshire,University of New Hampshire ,Hockey East,10,20,6,0.361,2017,M,,,,,,,,,
52,Alabama Huntsville,University of Alabama in Huntsville ,WCHA,12,23,2,0.351,2017,M,,,,,,,,,
53,Alas. Fairbanks,University of Alaska Fairbanks ,WCHA,11,22,3,0.347,2017,M,,,,,,,,,
53,Niagara,Niagara University ,Atlantic Hockey,11,22,3,0.347,2017,M,,,,,,,,,
55,Lake Superior St.,Lake Superior State University ,WCHA,10,22,4,0.333,2017,M,,,,,,,,,
56,Brown,Brown University ,ECAC Hockey,8,19,4,0.323,2017,M,,,,,,,,,
57,Arizona St.,Arizona State University ,DI Independent,8,21,5,0.309,2017,M,,,,,,,,,
58,St. Lawrence,St. Lawrence University ,ECAC Hockey,8,27,2,0.243,2017,M,,,,,,,,,
59,Rensselaer,Rensselaer Polytechnic Institute (RPI) ,ECAC Hockey,6,27,4,0.216,2017,M,,,,,,,,,
60,Alas. Anchorage,University of Alaska Anchorage ,WCHA,4,26,4,0.176,2017,M,,,,,,,,,
1,Harvard,Harvard University ,ECAC Hockey,28,6,2,0.806,2016,M,,,,,,,,,
2,Denver,University of Denver ,NCHC,33,7,4,0.795,2016,M,,,,,,,,,
3,Minn. Duluth,University of Minnesota Duluth ,NCHC,28,7,7,0.75,2016,M,,,,,,,,,
4,Air Force,United States Air Force Academy ,Atlantic Hockey,27,10,5,0.702,2016,M,,,,,,,,,
5,Union,Union College (New York) ,NY,25,10,3,0.697,2016,M,,,,,,,,,
6,UMass Lowell,University of Massachusetts Lowell ,Hockey East,27,11,3,0.695,2016,M,,,,,,,,,
7,Cornell,Cornell University ,ECAC Hockey,21,9,5,0.671,2016,M,,,,,,,,,
8,Penn St.,Pennsylvania State University ,Big Ten,25,12,2,0.667,2016,M,,,,,,,,,
9,Boston U.,Boston University ,Hockey East,24,12,3,0.654,2016,M,,,,,,,,,
10,Minnesota,University of Minnesota ,Big Ten,23,12,3,0.645,2016,M,,,,,,,,,
11,Notre Dame,University of Notre Dame ,Hockey East,23,12,5,0.638,2016,M,,,,,,,,,
12,Robert Morris,Robert Morris University ,Atlantic Hockey,22,12,4,0.632,2016,M,,,,,,,,,
13,Providence,Providence College ,Hockey East,22,12,5,0.628,2016,M,,,,,,,,,
13,Canisius,Canisius College ,Atlantic Hockey,21,11,7,0.628,2016,M,,,,,,,,,
15,Ohio St.,The Ohio State University ,Big Ten,21,12,6,0.615,2016,M,,,,,,,,,
15,Minnesota St.,"Minnesota State University, Mankato ",WCHA,22,13,4,0.615,2016,M,,,,,,,,,
17,Western Mich.,Western Michigan University ,NCHC,22,13,5,0.613,2016,M,,,,,,,,,
18,Quinnipiac,Quinnipiac University ,ECAC Hockey,23,15,2,0.6,2016,M,,,,,,,,,
19,Vermont,University of Vermont ,Hockey East,20,13,5,0.592,2016,M,,,,,,,,,
20,Michigan Tech,Michigan Technological University ,WCHA,23,15,7,0.589,2016,M,,,,,,,,,
21,Boston College,Boston College ,Hockey East,21,15,4,0.575,2016,M,,,,,,,,,
22,Bemidji St.,Bemidji State University ,WCHA,22,16,3,0.573,2016,M,,,,,,,,,
23,Wisconsin,University of Wisconsin,Big Ten,20,15,1,0.569,2016,M,,,,,,,,,
24,North Dakota,University of North Dakota ,NCHC,21,16,3,0.563,2016,M,,,,,,,,,
25,St. Lawrence,St. Lawrence University ,ECAC Hockey,17,13,7,0.554,2016,M,,,,,,,,,
25,Army West Point,United States Military Academy (Army) ,Atlantic Hockey,18,14,5,0.554,2016,M,,,,,,,,,
27,Northeastern,Northeastern University ,Hockey East,18,15,5,0.539,2016,M,,,,,,,,,
28,Bowling Green,Bowling Green State University ,WCHA,21,18,2,0.537,2016,M,,,,,,,,,
29,Clarkson,Clarkson University ,ECAC Hockey,18,16,5,0.526,2016,M,,,,,,,,,
30,Omaha,University of Nebraska Omaha ,NCHC,17,17,5,0.5,2016,M,,,,,,,,,
31,Merrimack,Merrimack College ,Hockey East,15,16,6,0.486,2016,M,,,,,,,,,
32,Holy Cross,College of the Holy Cross ,Atlantic Hockey,14,15,7,0.486,2016,M,,,,,,,,,
33,Princeton,Princeton University ,ECAC Hockey,15,16,3,0.485,2016,M,,,,,,,,,
34,Yale,Yale University ,ECAC Hockey,13,15,5,0.47,2016,M,,,,,,,,,
35,St. Cloud St.,St. Cloud State University ,NCHC,16,19,1,0.458,2016,M,,,,,,,,,
36,UConn,University of Connecticut (UConn) ,Hockey East,12,16,8,0.444,2016,M,,,,,,,,,
37,New Hampshire,University of New Hampshire ,Hockey East,15,20,5,0.438,2016,M,,,,,,,,,
38,Mercyhurst,Mercyhurst University ,Atlantic Hockey,15,20,4,0.436,2016,M,,,,,,,,,
39,Bentley,Bentley University ,Atlantic Hockey,13,19,7,0.423,2016,M,,,,,,,,,
40,Sacred Heart,Sacred Heart University ,Atlantic Hockey,13,19,5,0.419,2016,M,,,,,,,,,
40,Ferris St.,Ferris State University ,WCHA,13,19,5,0.419,2016,M,,,,,,,,,
42,Michigan,University of Michigan ,Big Ten,13,19,3,0.414,2016,M,,,,,,,,,
43,Lake Superior St.,Lake Superior State University ,WCHA,11,18,7,0.403,2016,M,,,,,,,,,
44,RIT,Rochester Institute of Technology (RIT) ,Atlantic Hockey,14,22,1,0.392,2016,M,,,,,,,,,
45,Alas. Fairbanks,University of Alaska Fairbanks ,WCHA,12,20,4,0.389,2016,M,,,,,,,,,
46,Northern Mich.,Northern Michigan University ,WCHA,13,22,4,0.385,2016,M,,,,,,,,,
47,Dartmouth,Dartmouth College ,ECAC Hockey,10,18,3,0.371,2016,M,,,,,,,,,
48,Maine,University of Maine ,Hockey East,11,21,4,0.361,2016,M,,,,,,,,,
49,Arizona St.,Arizona State University ,DI Independent,10,19,3,0.359,2016,M,,,,,,,,,
50,Miami,Miami University (Ohio) ,OH,9,20,7,0.347,2016,M,,,,,,,,,
51,American Int'l,American International College ,Atlantic Hockey,8,20,8,0.333,2016,M,,,,,,,,,
52,Colgate,Colgate University ,ECAC Hockey,9,22,6,0.324,2016,M,,,,,,,,,
53,Alabama Huntsville,University of Alabama in Huntsville ,WCHA,9,22,3,0.309,2016,M,,,,,,,,,
54,Alas. Anchorage,University of Alaska Anchorage ,WCHA,7,21,6,0.294,2016,M,,,,,,,,,
55,Colorado Col.,Colorado College ,NCHC,8,24,4,0.278,2016,M,,,,,,,,,
56,Michigan St.,Michigan State University ,Big Ten,7,24,4,0.257,2016,M,,,,,,,,,
57,Rensselaer,Rensselaer Polytechnic Institute (RPI) ,ECAC Hockey,8,28,1,0.23,2016,M,,,,,,,,,
58,Massachusetts,University of Massachusetts Amherst ,Hockey East,5,29,2,0.167,2016,M,,,,,,,,,
58,Niagara,Niagara University ,Atlantic Hockey,5,31,3,0.167,2016,M,,,,,,,,,
60,Brown,Brown University ,ECAC Hockey,4,25,2,0.161,2016,M,,,,,,,,,
1,Quinnipiac,Quinnipiac University ,ECAC Hockey,32,4,7,0.826,2015,M,,,,,,,,,
2,North Dakota,University of North Dakota ,NCHC,34,6,4,0.818,2015,M,,,,,,,,,
3,St. Cloud St.,St. Cloud State University ,NCHC,31,9,1,0.768,2015,M,,,,,,,,,
4,Providence,Providence College ,Hockey East,27,7,4,0.763,2015,M,,,,,,,,,
5,Boston College,Boston College ,Hockey East,28,8,5,0.744,2015,M,,,,,,,,,
6,Michigan,University of Michigan ,Big Ten,25,8,5,0.724,2015,M,,,,,,,,,
7,Michigan Tech,Michigan Technological University ,WCHA,23,9,5,0.689,2015,M,,,,,,,,,
8,UMass Lowell,University of Massachusetts Lowell ,Hockey East,25,10,5,0.688,2015,M,,,,,,,,,
9,Denver,University of Denver ,NCHC,25,10,6,0.683,2015,M,,,,,,,,,
10,Robert Morris,Robert Morris University ,Atlantic Hockey,24,11,4,0.667,2015,M,,,,,,,,,
11,Yale,Yale University ,ECAC Hockey,19,9,4,0.656,2015,M,,,,,,,,,
12,Harvard,Harvard University ,ECAC Hockey,19,11,4,0.618,2015,M,,,,,,,,,
13,Air Force,United States Air Force Academy ,Atlantic Hockey,20,12,5,0.608,2015,M,,,,,,,,,
13,Notre Dame,University of Notre Dame ,Hockey East,19,11,7,0.608,2015,M,,,,,,,,,
15,Penn St.,Pennsylvania State University ,Big Ten,21,13,4,0.605,2015,M,,,,,,,,,
16,Boston U.,Boston University ,Hockey East,21,13,5,0.603,2015,M,,,,,,,,,
17,Minnesota St.,"Minnesota State University, Mankato ",WCHA,21,13,7,0.598,2015,M,,,,,,,,,
17,Northeastern,Northeastern University ,Hockey East,22,14,5,0.598,2015,M,,,,,,,,,
19,Bowling Green,Bowling Green State University ,WCHA,22,14,6,0.595,2015,M,,,,,,,,,
20,Cornell,Cornell University ,ECAC Hockey,16,11,7,0.574,2015,M,,,,,,,,,
21,Holy Cross,College of the Holy Cross ,Atlantic Hockey,18,13,5,0.569,2015,M,,,,,,,,,
22,St. Lawrence,St. Lawrence University ,ECAC Hockey,19,14,4,0.568,2015,M,,,,,,,,,
23,Clarkson,Clarkson University ,ECAC Hockey,20,15,3,0.566,2015,M,,,,,,,,,
24,Ferris St.,Ferris State University ,WCHA,20,15,6,0.561,2015,M,,,,,,,,,
25,Minnesota,University of Minnesota ,Big Ten,20,17,0,0.541,2015,M,,,,,,,,,
26,RIT,Rochester Institute of Technology (RIT) ,Atlantic Hockey,18,15,6,0.538,2015,M,,,,,,,,,
27,Rensselaer,Rensselaer Polytechnic Institute (RPI) ,ECAC Hockey,18,15,7,0.538,2015,M,,,,,,,,,
27,Minn. Duluth,University of Minnesota Duluth ,NCHC,19,16,5,0.538,2015,M,,,,,,,,,
29,Dartmouth,Dartmouth College ,ECAC Hockey,18,16,1,0.529,2015,M,,,,,,,,,
30,Mercyhurst,Mercyhurst University ,Atlantic Hockey,17,15,4,0.528,2015,M,,,,,,,,,
31,Omaha,University of Nebraska Omaha ,NCHC,18,17,1,0.514,2015,M,,,,,,,,,
32,Bemidji St.,Bemidji State University ,WCHA,17,16,6,0.513,2015,M,,,,,,,,,
33,Army West Point,United States Military Academy (Army) ,Atlantic Hockey,14,15,9,0.487,2015,M,,,,,,,,,
33,Northern Mich.,Northern Michigan University ,WCHA,15,16,7,0.487,2015,M,,,,,,,,,
35,Union,Union College (New York) ,NY,13,14,9,0.486,2015,M,,,,,,,,,
36,Miami,Miami University (Ohio) ,OH,15,18,3,0.458,2015,M,,,,,,,,,
37,Ohio St.,The Ohio State University ,Big Ten,14,18,4,0.444,2015,M,,,,,,,,,
38,Bentley,Bentley University ,Atlantic Hockey,14,20,6,0.425,2015,M,,,,,,,,,
39,Merrimack,Merrimack College ,Hockey East,13,19,7,0.423,2015,M,,,,,,,,,
40,Vermont,University of Vermont ,Hockey East,15,22,3,0.413,2015,M,,,,,,,,,
41,Sacred Heart,Sacred Heart University ,Atlantic Hockey,13,20,4,0.405,2015,M,,,,,,,,,
42,Lake Superior St.,Lake Superior State University ,WCHA,14,22,5,0.402,2015,M,,,,,,,,,
43,New Hampshire,University of New Hampshire ,Hockey East,11,20,6,0.378,2015,M,,,,,,,,,
44,Canisius,Canisius College ,Atlantic Hockey,12,22,5,0.372,2015,M,,,,,,,,,
45,Alas. Anchorage,University of Alaska Anchorage ,WCHA,11,20,3,0.368,2015,M,,,,,,,,,
46,UConn,University of Connecticut (UConn) ,Hockey East,11,21,4,0.361,2015,M,,,,,,,,,
47,Wisconsin,University of Wisconsin,Big Ten,8,19,8,0.343,2015,M,,,,,,,,,
48,Alas. Fairbanks,University of Alaska Fairbanks ,WCHA,10,22,4,0.333,2015,M,,,,,,,,,
49,Michigan St.,Michigan State University ,Big Ten,10,23,4,0.324,2015,M,,,,,,,,,
49,Colgate,Colgate University ,ECAC Hockey,11,24,2,0.324,2015,M,,,,,,,,,
51,Alabama Huntsville,University of Alabama in Huntsville ,WCHA,7,21,6,0.294,2015,M,,,,,,,,,
52,Maine,University of Maine ,Hockey East,8,24,6,0.289,2015,M,,,,,,,,,
53,Massachusetts,University of Massachusetts Amherst ,Hockey East,8,24,4,0.278,2015,M,,,,,,,,,
54,Brown,Brown University ,ECAC Hockey,5,19,7,0.274,2015,M,,,,,,,,,
55,Western Mich.,Western Michigan University ,NCHC,8,25,3,0.264,2015,M,,,,,,,,,
56,Niagara,Niagara University ,Atlantic Hockey,6,25,6,0.243,2015,M,,,,,,,,,
57,American Int'l,American International College ,Atlantic Hockey,7,29,3,0.218,2015,M,,,,,,,,,
58,Princeton,Princeton University ,ECAC Hockey,5,23,3,0.21,2015,M,,,,,,,,,
59,Arizona St.,Arizona State University ,DI Independent,5,22,2,0.207,2015,M,,,,,,,,,
60,Colorado Col.,Colorado College ,NCHC,6,29,1,0.181,2015,M,,,,,,,,,
1,Minnesota St.,"Minnesota State University, Mankato ",WCHA,29,8,3,0.763,2014,M,,,,,,,,,
2,Boston U.,Boston University ,Hockey East,28,8,5,0.744,2014,M,,,,,,,,,
3,Michigan Tech,Michigan Technological University ,WCHA,29,10,2,0.732,2014,M,,,,,,,,,
4,North Dakota,University of North Dakota ,NCHC,29,10,3,0.726,2014,M,,,,,,,,,
5,Robert Morris,Robert Morris University ,Atlantic Hockey,24,8,5,0.716,2014,M,,,,,,,,,
6,Providence,Providence College ,Hockey East,26,13,2,0.659,2014,M,,,,,,,,,
7,Bowling Green,Bowling Green State University ,WCHA,23,11,5,0.654,2014,M,,,,,,,,,
8,Quinnipiac,Quinnipiac University ,ECAC Hockey,23,12,4,0.641,2014,M,,,,,,,,,
9,Miami,Miami University (Ohio) ,OH,25,14,1,0.638,2014,M,,,,,,,,,
10,Colgate,Colgate University ,ECAC Hockey,22,12,4,0.632,2014,M,,,,,,,,,
11,Minnesota,University of Minnesota ,Big Ten,23,13,3,0.628,2014,M,,,,,,,,,
12,Denver,University of Denver ,NCHC,24,14,2,0.625,2014,M,,,,,,,,,
13,Yale,Yale University ,ECAC Hockey,18,10,5,0.621,2014,M,,,,,,,,,
14,UMass Lowell,University of Massachusetts Lowell ,Hockey East,21,12,6,0.615,2014,M,,,,,,,,,
15,Harvard,Harvard University ,ECAC Hockey,21,13,3,0.608,2014,M,,,,,,,,,
16,Michigan,University of Michigan ,Big Ten,22,15,0,0.595,2014,M,,,,,,,,,
17,Boston College,Boston College ,Hockey East,21,14,3,0.592,2014,M,,,,,,,,,
18,Omaha,University of Nebraska Omaha ,NCHC,20,13,6,0.59,2014,M,,,,,,,,,
19,Alas. Fairbanks,University of Alaska Fairbanks ,WCHA,19,13,2,0.588,2014,M,,,,,,,,,
20,Vermont,University of Vermont ,Hockey East,22,15,4,0.585,2014,M,,,,,,,,,
1,Union,Union College (New York) ,NY,32,6,4,0.81,2013,M,,,,,,,,,
2,Minnesota,University of Minnesota ,Big Ten,28,7,6,0.756,2013,M,,,,,,,,,
3,Boston College,Boston College ,Hockey East,28,8,4,0.75,2013,M,,,,,,,,,
4,Ferris St.,Ferris State University ,WCHA,29,11,3,0.709,2013,M,,,,,,,,,
5,UMass Lowell,University of Massachusetts Lowell ,Hockey East,26,11,4,0.683,2013,M,,,,,,,,,
6,Wisconsin,University of Wisconsin,Big Ten,24,11,2,0.676,2013,M,,,,,,,,,
7,Quinnipiac,Quinnipiac University ,ECAC Hockey,24,10,6,0.675,2013,M,,,,,,,,,
8,Minnesota St.,"Minnesota State University, Mankato ",WCHA,26,14,1,0.646,2013,M,,,,,,,,,
9,St. Cloud St.,St. Cloud State University ,NCHC,22,11,5,0.645,2013,M,,,,,,,,,
10,Providence,Providence College ,Hockey East,22,11,6,0.641,2013,M,,,,,,,,,
11,North Dakota,University of North Dakota ,NCHC,25,14,3,0.631,2013,M,,,,,,,,,
12,Cornell,Cornell University ,ECAC Hockey,17,10,5,0.609,2013,M,,,,,,,,,
13,Notre Dame,University of Notre Dame ,Hockey East,23,15,2,0.6,2013,M,,,,,,,,,
14,Mercyhurst,Mercyhurst University ,Atlantic Hockey,21,13,7,0.598,2013,M,,,,,,,,,
15,Yale,Yale University ,ECAC Hockey,17,11,5,0.591,2013,M,,,,,,,,,
16,Air Force,United States Air Force Academy ,Atlantic Hockey,21,14,4,0.59,2013,M,,,,,,,,,
17,Colgate,Colgate University ,ECAC Hockey,20,14,5,0.577,2013,M,,,,,,,,,
18,Michigan,University of Michigan ,Big Ten,18,13,4,0.571,2013,M,,,,,,,,,
19,Northeastern,Northeastern University ,Hockey East,19,14,4,0.568,2013,M,,,,,,,,,
19,Bentley,Bentley University ,Atlantic Hockey,19,14,4,0.568,2013,M,,,,,,,,,
21,Vermont,University of Vermont ,Hockey East,20,15,3,0.566,2013,M,,,,,,,,,
22,UConn,University of Connecticut (UConn) ,Atlantic Hockey,18,14,4,0.556,2013,M,,,,,,,,,
23,Ohio St.,The Ohio State University ,Big Ten,18,14,5,0.554,2013,M,,,,,,,,,
24,New Hampshire,University of New Hampshire ,Hockey East,22,18,1,0.549,2013,M,,,,,,,,,
25,Clarkson,Clarkson University ,ECAC Hockey,21,17,4,0.548,2013,M,,,,,,,,,
25,Denver,University of Denver ,NCHC,20,16,6,0.548,2013,M,,,,,,,,,
27,Alas. Fairbanks,University of Alaska Fairbanks ,WCHA,18,15,4,0.541,2013,M,,,,,,,,,
28,Bowling Green,Bowling Green State University ,WCHA,18,15,6,0.538,2013,M,,,,,,,,,
29,Western Mich.,Western Michigan University ,NCHC,19,16,5,0.538,2013,M,,,,,,,,,
30,Alas. Anchorage,University of Alaska Anchorage ,WCHA,18,16,4,0.526,2013,M,,,,,,,,,
31,Maine,University of Maine ,Hockey East,16,15,4,0.514,2013,M,,,,,,,,,
32,Robert Morris,Robert Morris University ,Atlantic Hockey,19,18,5,0.512,2013,M,,,,,,,,,
33,Minn. Duluth,University of Minnesota Duluth ,NCHC,16,16,4,0.5,2013,M,,,,,,,,,
34,Rensselaer,Rensselaer Polytechnic Institute (RPI) ,ECAC Hockey,15,16,6,0.486,2013,M,,,,,,,,,
34,Omaha,University of Nebraska Omaha ,NCHC,17,18,2,0.486,2013,M,,,,,,,,,
36,Lake Superior St.,Lake Superior State University ,WCHA,16,19,1,0.458,2013,M,,,,,,,,,
37,Canisius,Canisius College ,Atlantic Hockey,17,21,3,0.451,2013,M,,,,,,,,,
38,St. Lawrence,St. Lawrence University ,ECAC Hockey,15,19,4,0.447,2013,M,,,,,,,,,
39,Niagara,Niagara University ,Atlantic Hockey,15,20,5,0.438,2013,M,,,,,,,,,
39,Michigan Tech,Michigan Technological University ,WCHA,14,19,7,0.438,2013,M,,,,,,,,,
41,Miami,Miami University (Ohio) ,OH,15,20,3,0.434,2013,M,,,,,,,,,
42,Northern Mich.,Northern Michigan University ,WCHA,15,21,2,0.421,2013,M,,,,,,,,,
43,Brown,Brown University ,ECAC Hockey,11,17,3,0.403,2013,M,,,,,,,,,
44,Michigan St.,Michigan State University ,Big Ten,11,18,7,0.403,2013,M,,,,,,,,,
45,Holy Cross,College of the Holy Cross ,Atlantic Hockey,14,22,3,0.397,2013,M,,,,,,,,,
46,RIT,Rochester Institute of Technology (RIT) ,Atlantic Hockey,12,20,5,0.392,2013,M,,,,,,,,,
47,Harvard,Harvard University ,ECAC Hockey,10,17,4,0.387,2013,M,,,,,,,,,
48,Bemidji St.,Bemidji State University ,WCHA,10,21,7,0.355,2013,M,,,,,,,,,
49,Dartmouth,Dartmouth College ,ECAC Hockey,10,20,4,0.353,2013,M,,,,,,,,,
50,Boston U.,Boston University ,Hockey East,10,21,4,0.343,2013,M,,,,,,,,,
51,Sacred Heart,Sacred Heart University ,Atlantic Hockey,12,24,0,0.333,2013,M,,,,,,,,,
52,Massachusetts,University of Massachusetts Amherst ,Hockey East,8,22,4,0.294,2013,M,,,,,,,,,
53,American Int'l,American International College ,Atlantic Hockey,10,25,1,0.292,2013,M,,,,,,,,,
54,Merrimack,Merrimack College ,Hockey East,8,22,3,0.288,2013,M,,,,,,,,,
55,Colorado Col.,Colorado College ,NCHC,7,24,6,0.27,2013,M,,,,,,,,,
56,Penn St.,Pennsylvania State University ,Big Ten,8,26,2,0.25,2013,M,,,,,,,,,
57,Princeton,Princeton University ,ECAC Hockey,6,26,0,0.188,2013,M,,,,,,,,,
58,Army West Point,United States Military Academy (Army) ,Atlantic Hockey,6,28,0,0.176,2013,M,,,,,,,,,
59,Alabama Huntsville,University of Alabama in Huntsville ,WCHA,2,35,1,0.066,2013,M,,,,,,,,,
1,Quinnipiac,Quinnipiac University ,ECAC Hockey,30,8,5,0.756,2012,M,,,,,,,,,
2,Minnesota,University of Minnesota ,WCHA,26,9,5,0.713,2012,M,,,,,,,,,
3,UMass Lowell,University of Massachusetts Lowell ,Hockey East,28,11,2,0.707,2012,M,,,,,,,,,
4,Niagara,Niagara University ,Atlantic Hockey,23,10,5,0.671,2012,M,,,,,,,,,
5,Miami,Miami University (Ohio) ,OH,25,12,5,0.655,2012,M,,,,,,,,,
6,Notre Dame,University of Notre Dame ,CCHA,25,13,3,0.646,2012,M,,,,,,,,,
7,Yale,Yale University ,ECAC Hockey,22,12,3,0.635,2012,M,,,,,,,,,
8,Boston College,Boston College ,Hockey East,22,12,4,0.632,2012,M,,,,,,,,,
9,Minnesota St.,"Minnesota State University, Mankato ",WCHA,24,14,3,0.622,2012,M,,,,,,,,,
10,Union,Union College (New York) ,NY,22,13,5,0.613,2012,M,,,,,,,,,
11,St. Cloud St.,St. Cloud State University ,WCHA,25,16,1,0.607,2012,M,,,,,,,,,
11,Wisconsin,University of Wisconsin,WCHA,22,13,7,0.607,2012,M,,,,,,,,,
11,North Dakota,University of North Dakota ,WCHA,22,13,7,0.607,2012,M,,,,,,,,,
14,Western Mich.,Western Michigan University ,CCHA,19,11,8,0.605,2012,M,,,,,,,,,
15,New Hampshire,University of New Hampshire ,Hockey East,20,12,7,0.603,2012,M,,,,,,,,,
16,Holy Cross,College of the Holy Cross ,Atlantic Hockey,20,14,3,0.581,2012,M,,,,,,,,,
17,Robert Morris,Robert Morris University ,Atlantic Hockey,20,14,4,0.579,2012,M,,,,,,,,,
18,Denver,University of Denver ,WCHA,20,14,5,0.577,2012,M,,,,,,,,,
19,UConn,University of Connecticut (UConn) ,Atlantic Hockey,19,14,4,0.568,2012,M,,,,,,,,,
20,Boston U.,Boston University ,Hockey East,21,16,2,0.564,2012,M,,,,,,,,,
21,Air Force,United States Air Force Academy ,Atlantic Hockey,17,13,7,0.554,2012,M,,,,,,,,,
21,Rensselaer,Rensselaer Polytechnic Institute (RPI) ,ECAC Hockey,18,14,5,0.554,2012,M,,,,,,,,,
23,Providence,Providence College ,Hockey East,17,14,7,0.539,2012,M,,,,,,,,,
24,Brown,Brown University ,ECAC Hockey,16,14,6,0.528,2012,M,,,,,,,,,
25,St. Lawrence,St. Lawrence University ,ECAC Hockey,18,16,4,0.526,2012,M,,,,,,,,,
26,Mercyhurst,Mercyhurst University ,Atlantic Hockey,19,17,5,0.524,2012,M,,,,,,,,,
27,Dartmouth,Dartmouth College ,ECAC Hockey,15,14,5,0.515,2012,M,,,,,,,,,
28,Alas. Fairbanks,University of Alaska Fairbanks ,CCHA,17,16,4,0.514,2012,M,,,,,,,,,
29,Omaha,University of Nebraska Omaha ,WCHA,19,18,2,0.513,2012,M,,,,,,,,,
30,Canisius,Canisius College ,Atlantic Hockey,19,19,5,0.5,2012,M,,,,,,,,,
30,Ferris St.,Ferris State University ,CCHA,16,16,5,0.5,2012,M,,,,,,,,,
32,Colorado Col.,Colorado College ,WCHA,18,19,5,0.488,2012,M,,,,,,,,,
33,Michigan,University of Michigan ,CCHA,18,19,3,0.488,2012,M,,,,,,,,,
33,Ohio St.,The Ohio State University ,CCHA,16,17,7,0.488,2012,M,,,,,,,,,
35,Cornell,Cornell University ,ECAC Hockey,15,16,3,0.485,2012,M,,,,,,,,,
36,Penn St.,Pennsylvania State University ,DI Independent,13,14,0,0.481,2012,M,,,,,,,,,
37,Merrimack,Merrimack College ,Hockey East,15,17,6,0.474,2012,M,,,,,,,,,
38,RIT,Rochester Institute of Technology (RIT) ,Atlantic Hockey,15,18,5,0.461,2012,M,,,,,,,,,
39,Lake Superior St.,Lake Superior State University ,CCHA,17,21,1,0.449,2012,M,,,,,,,,,
40,Northern Mich.,Northern Michigan University ,CCHA,15,19,4,0.447,2012,M,,,,,,,,,
41,Colgate,Colgate University ,ECAC Hockey,14,18,4,0.444,2012,M,,,,,,,,,
42,Minn. Duluth,University of Minnesota Duluth ,WCHA,14,19,5,0.434,2012,M,,,,,,,,,
43,American Int'l,American International College ,Atlantic Hockey,12,17,6,0.429,2012,M,,,,,,,,,
44,Bowling Green,Bowling Green State University ,CCHA,15,21,5,0.427,2012,M,,,,,,,,,
45,Michigan Tech,Michigan Technological University ,WCHA,13,20,4,0.405,2012,M,,,,,,,,,
46,Princeton,Princeton University ,ECAC Hockey,10,16,5,0.403,2012,M,,,,,,,,,
47,Massachusetts,University of Massachusetts Amherst ,Hockey East,12,19,3,0.397,2012,M,,,,,,,,,
48,Maine,University of Maine ,Hockey East,11,19,8,0.395,2012,M,,,,,,,,,
49,Vermont,University of Vermont ,Hockey East,11,19,6,0.389,2012,M,,,,,,,,,
50,Bentley,Bentley University ,Atlantic Hockey,12,20,3,0.386,2012,M,,,,,,,,,
51,Michigan St.,Michigan State University ,CCHA,14,25,3,0.369,2012,M,,,,,,,,,
52,Harvard,Harvard University ,ECAC Hockey,10,19,3,0.359,2012,M,,,,,,,,,
53,Clarkson,Clarkson University ,ECAC Hockey,9,20,7,0.347,2012,M,,,,,,,,,
54,Northeastern,Northeastern University ,Hockey East,9,21,4,0.324,2012,M,,,,,,,,,
55,Army West Point,United States Military Academy (Army) ,Atlantic Hockey,7,22,5,0.279,2012,M,,,,,,,,,
56,Bemidji St.,Bemidji State University ,WCHA,6,22,8,0.278,2012,M,,,,,,,,,
57,Alas. Anchorage,University of Alaska Anchorage ,WCHA,4,25,7,0.208,2012,M,,,,,,,,,
58,Alabama Huntsville,University of Alabama in Huntsville ,DI Independent,3,21,1,0.14,2012,M,,,,,,,,,
59,Sacred Heart,Sacred Heart University ,Atlantic Hockey,2,30,4,0.111,2012,M,,,,,,,,,
1,Boston College,Boston College ,Hockey East,33,10,1,0.761,2011,M,,,,,,,,,
2,Union,Union College (New York) ,NY,26,8,7,0.72,2011,M,,,,,,,,,
3,Minn. Duluth,University of Minnesota Duluth ,WCHA,25,10,6,0.683,2011,M,,,,,,,,,
4,Minnesota,University of Minnesota ,WCHA,28,14,1,0.663,2011,M,,,,,,,,,
4,Ferris St.,Ferris State University ,CCHA,26,12,5,0.663,2011,M,,,,,,,,,
6,North Dakota,University of North Dakota ,WCHA,26,13,3,0.655,2011,M,,,,,,,,,
7,UMass Lowell,University of Massachusetts Lowell ,Hockey East,24,13,1,0.645,2011,M,,,,,,,,,
8,Cornell,Cornell University ,ECAC Hockey,19,9,7,0.643,2011,M,,,,,,,,,
9,Michigan,University of Michigan ,CCHA,24,13,4,0.634,2011,M,,,,,,,,,
10,Air Force,United States Air Force Academy ,Atlantic Hockey,21,11,7,0.628,2011,M,,,,,,,,,
11,Denver,University of Denver ,WCHA,25,14,4,0.628,2011,M,,,,,,,,,
12,Maine,University of Maine ,Hockey East,23,14,3,0.613,2011,M,,,,,,,,,
13,Miami,Miami University (Ohio) ,OH,24,15,2,0.61,2011,M,,,,,,,,,
14,Boston U.,Boston University ,Hockey East,23,15,1,0.603,2011,M,,,,,,,,,
15,RIT,Rochester Institute of Technology (RIT) ,Atlantic Hockey,20,13,6,0.59,2011,M,,,,,,,,,
16,Western Mich.,Western Michigan University ,CCHA,21,14,6,0.585,2011,M,,,,,,,,,
17,Niagara,Niagara University ,Atlantic Hockey,17,11,9,0.581,2011,M,,,,,,,,,
17,Merrimack,Merrimack College ,Hockey East,18,12,7,0.581,2011,M,,,,,,,,,
19,Quinnipiac,Quinnipiac University ,ECAC Hockey,20,14,6,0.575,2011,M,,,,,,,,,
20,Holy Cross,College of the Holy Cross ,Atlantic Hockey,20,15,4,0.564,2011,M,,,,,,,,,
21,Mercyhurst,Mercyhurst University ,Atlantic Hockey,20,16,4,0.55,2011,M,,,,,,,,,
22,Harvard,Harvard University ,ECAC Hockey,13,10,11,0.544,2011,M,,,,,,,,,
23,Northern Mich.,Northern Michigan University ,CCHA,17,14,6,0.541,2011,M,,,,,,,,,
24,Michigan St.,Michigan State University ,CCHA,19,16,4,0.538,2011,M,,,,,,,,,
25,Colorado Col.,Colorado College ,WCHA,18,16,2,0.528,2011,M,,,,,,,,,
26,Colgate,Colgate University ,ECAC Hockey,19,17,3,0.526,2011,M,,,,,,,,,
27,Notre Dame,University of Notre Dame ,CCHA,19,18,3,0.513,2011,M,,,,,,,,,
27,Lake Superior St.,Lake Superior State University ,CCHA,18,17,5,0.513,2011,M,,,,,,,,,
29,Robert Morris,Robert Morris University ,Atlantic Hockey,17,17,5,0.5,2011,M,,,,,,,,,
29,Ohio St.,The Ohio State University ,CCHA,15,15,5,0.5,2011,M,,,,,,,,,
29,St. Cloud St.,St. Cloud State University ,WCHA,17,17,5,0.5,2011,M,,,,,,,,,
29,Bentley,Bentley University ,Atlantic Hockey,16,16,8,0.5,2011,M,,,,,,,,,
29,Yale,Yale University ,ECAC Hockey,16,16,3,0.5,2011,M,,,,,,,,,
34,Clarkson,Clarkson University ,ECAC Hockey,16,17,6,0.487,2011,M,,,,,,,,,
35,Bemidji St.,Bemidji State University ,WCHA,17,18,3,0.487,2011,M,,,,,,,,,
36,Wisconsin,University of Wisconsin,WCHA,17,18,2,0.486,2011,M,,,,,,,,,
37,Michigan Tech,Michigan Technological University ,WCHA,16,19,4,0.462,2011,M,,,,,,,,,
37,UConn,University of Connecticut (UConn) ,Atlantic Hockey,16,19,4,0.462,2011,M,,,,,,,,,
39,Northeastern,Northeastern University ,Hockey East,13,16,5,0.456,2011,M,,,,,,,,,
40,Dartmouth,Dartmouth College ,ECAC Hockey,13,16,4,0.455,2011,M,,,,,,,,,
41,Omaha,University of Nebraska Omaha ,WCHA,14,18,6,0.447,2011,M,,,,,,,,,
42,New Hampshire,University of New Hampshire ,Hockey East,15,19,3,0.446,2011,M,,,,,,,,,
43,Massachusetts,University of Massachusetts Amherst ,Hockey East,13,18,5,0.431,2011,M,,,,,,,,,
43,St. Lawrence,St. Lawrence University ,ECAC Hockey,14,19,3,0.431,2011,M,,,,,,,,,
45,Providence,Providence College ,Hockey East,14,20,4,0.421,2011,M,,,,,,,,,
46,Princeton,Princeton University ,ECAC Hockey,9,16,7,0.391,2011,M,,,,,,,,,
47,Alas. Fairbanks,University of Alaska Fairbanks ,CCHA,12,20,4,0.389,2011,M,,,,,,,,,
48,Bowling Green,Bowling Green State University ,CCHA,14,25,5,0.375,2011,M,,,,,,,,,
49,Brown,Brown University ,ECAC Hockey,9,18,5,0.359,2011,M,,,,,,,,,
50,Rensselaer,Rensselaer Polytechnic Institute (RPI) ,ECAC Hockey,12,24,3,0.346,2011,M,,,,,,,,,
51,Minnesota St.,"Minnesota State University, Mankato ",WCHA,12,24,2,0.342,2011,M,,,,,,,,,
52,Canisius,Canisius College ,Atlantic Hockey,10,22,4,0.333,2011,M,,,,,,,,,
53,Alas. Anchorage,University of Alaska Anchorage ,WCHA,9,25,2,0.278,2011,M,,,,,,,,,
54,American Int'l,American International College ,Atlantic Hockey,8,26,3,0.257,2011,M,,,,,,,,,
55,Army West Point,United States Military Academy (Army) ,Atlantic Hockey,4,23,7,0.221,2011,M,,,,,,,,,
56,Sacred Heart,Sacred Heart University ,Atlantic Hockey,6,28,3,0.203,2011,M,,,,,,,,,
57,Vermont,University of Vermont ,Hockey East,6,27,1,0.191,2011,M,,,,,,,,,
58,Alabama Huntsville,University of Alabama in Huntsville ,DI Independent,2,28,1,0.081,2011,M,,,,,,,,,