Rank,Team,Uni,Conference,W,L,T,Pct.,Year,W-L,Sportstype,,,,,,,,,,
1,Ohio St. ,The Ohio State University ,WCHA,32,6,0,0.842,2021,,W,,,,,,,,,,
1,Northeastern ,Northeastern University ,Hockey East,31,5,2,0.842,2021,,W,,,,,,,,,,
3,Colgate ,Colgate University ,ECAC Hockey,30,8,1,0.782,2021,,W,,,,,,,,,,
4,Minnesota ,University of Minnesota ,WCHA,29,9,1,0.756,2021,,W,,,,,,,,,Row Labels,
5,Wisconsin ,University of Wisconsin,WCHA,26,8,4,0.737,2021,,W,,,,,,,,,Bemidji St. ,Bemidji State University 
6,Yale ,Yale University ,ECAC Hockey,26,9,1,0.736,2021,,W,,,,,,,,,Boston College ,Boston College 
7,Quinnipiac ,Quinnipiac University ,ECAC Hockey,26,10,3,0.705,2021,,W,,,,,,,,,Boston U. ,Boston University 
8,Franklin Pierce ,Franklin Pierce University ,NEWHA,22,9,1,0.703,2021,,W,,,,,,,,,Brown ,Brown University 
9,UConn ,University of Connecticut (UConn) ,Hockey East,24,9,4,0.703,2021,,W,,,,,,,,,Clarkson ,Clarkson University 
10,Minn. Duluth ,University of Minnesota Duluth ,WCHA,27,12,1,0.688,2021,,W,,,,,,,,,Colgate ,Colgate University 
11,Harvard ,Harvard University ,ECAC Hockey,22,10,1,0.682,2021,,W,,,,,,,,,Cornell ,Cornell University 
12,Vermont ,University of Vermont ,Hockey East,22,11,3,0.653,2021,,W,,,,,,,,,Dartmouth ,Dartmouth College 
13,Clarkson ,Clarkson University ,ECAC Hockey,22,12,3,0.635,2021,,W,,,,,,,,,Franklin Pierce ,Franklin Pierce University 
14,Mercyhurst ,Mercyhurst University ,CHA,21,12,2,0.629,2021,,W,,,,,,,,,Harvard ,Harvard University 
15,Penn St. ,Pennsylvania State University ,CHA,18,10,5,0.621,2021,,W,,,,,,,,,Holy Cross ,College of the Holy Cross 
16,Boston College ,Boston College ,Hockey East,19,14,1,0.574,2021,,W,,,,,,,,,Lindenwood ,Lindenwood University 
17,Syracuse ,Syracuse University ,CHA,15,11,6,0.563,2021,,W,,,,,,,,,LIU ,Long Island University 
18,St. Anselm ,Saint Anselm College ,NEWHA,16,13,3,0.547,2021,,W,,,,,,,,,Maine ,University of Maine 
19,LIU ,Long Island University ,NEWHA,17,15,3,0.529,2021,,W,,,,,,,,,Mercyhurst ,Mercyhurst University 
20,Providence ,Providence College ,Hockey East,16,14,6,0.528,2021,,W,,,,,,,,,Merrimack ,Merrimack College 
21,Sacred Heart ,Sacred Heart University ,NEWHA,16,15,2,0.515,2021,,W,,,,,,,,,Minn. Duluth ,University of Minnesota Duluth 
22,St. Lawrence ,St. Lawrence University ,ECAC Hockey,15,15,7,0.5,2021,,W,,,,,,,,,Minnesota ,University of Minnesota 
22,Cornell ,Cornell University ,ECAC Hockey,14,14,2,0.5,2021,,W,,,,,,,,,Minnesota St. ,"Minnesota State University, Mankato "
24,Princeton ,Princeton University ,ECAC Hockey,13,15,5,0.47,2021,,W,,,,,,,,,New Hampshire ,University of New Hampshire 
25,Boston U. ,Boston University ,Hockey East,12,15,6,0.455,2021,,W,,,,,,,,,Niagara ,Niagara University 
26,Maine ,University of Maine ,Hockey East,15,19,1,0.443,2021,,W,,,,,,,,,North Dakota ,University of North Dakota 
26,Minnesota St. ,"Minnesota State University, Mankato ",WCHA,15,19,1,0.443,2021,,W,,,,,,,,,Northeastern ,Northeastern University 
28,Bemidji St. ,Bemidji State University ,WCHA,11,20,3,0.368,2021,,W,,,,,,,,,Ohio St. ,The Ohio State University 
29,New Hampshire ,University of New Hampshire ,Hockey East,11,21,2,0.353,2021,,W,,,,,,,,,Penn St. ,Pennsylvania State University 
30,Dartmouth ,Dartmouth College ,ECAC Hockey,9,19,1,0.328,2021,,W,,,,,,,,,Post ,Post University 
31,St. Cloud St. ,St. Cloud State University ,WCHA,9,23,3,0.3,2021,,W,,,,,,,,,Princeton ,Princeton University 
32,Brown ,Brown University ,ECAC Hockey,6,18,5,0.293,2021,,W,,,,,,,,,Providence ,Providence College 
33,Rensselaer ,Rensselaer Polytechnic Institute (RPI) ,ECAC Hockey,9,23,0,0.281,2021,,W,,,,,,,,,Quinnipiac ,Quinnipiac University 
34,Merrimack ,Merrimack College ,Hockey East,8,25,1,0.25,2021,,W,,,,,,,,,Rensselaer ,Rensselaer Polytechnic Institute (RPI) 
35,Lindenwood ,Lindenwood University ,CHA,6,22,1,0.224,2021,,W,,,,,,,,,RIT ,Rochester Institute of Technology (RIT) 
36,Post ,Post University ,NEWHA,6,26,0,0.188,2021,,W,,,,,,,,,Robert Morris ,Robert Morris University 
37,St. Thomas ,University of St. Thomas (Minnesota) ,MN,5,27,1,0.167,2021,,W,,,,,,,,,Sacred Heart ,Sacred Heart University 
38,Union ,Union College (New York) ,NY,5,28,1,0.162,2021,,W,,,,,,,,,Saint Michael's ,Saint Michael's College 
39,Saint Michael's ,Saint Michael's College ,NEWHA,3,23,1,0.13,2021,,W,,,,,,,,,St. Anselm ,Saint Anselm College 
40,RIT ,Rochester Institute of Technology (RIT) ,CHA,2,27,4,0.121,2021,,W,,,,,,,,,St. Cloud St. ,St. Cloud State University 
41,Holy Cross ,College of the Holy Cross ,Hockey East,3,30,0,0.091,2021,,W,,,,,,,,,St. Lawrence ,St. Lawrence University 
1,Franklin Pierce ,Franklin Pierce University ,NEWHA,2,0,0,1,2020,,W,,,,,,,,,St. Thomas ,University of St. Thomas (Minnesota) 
2,Northeastern ,Northeastern University ,Hockey East,22,2,1,0.9,2020,,W,,,,,,,,,Syracuse ,Syracuse University 
3,Wisconsin ,University of Wisconsin,WCHA,17,3,1,0.833,2020,,W,,,,,,,,,UConn ,University of Connecticut (UConn) 
4,Penn St. ,Pennsylvania State University ,CHA,16,3,2,0.81,2020,,W,,,,,,,,,Union ,Union College (New York) 
5,Boston College ,Boston College ,Hockey East,14,6,0,0.7,2020,,W,,,,,,,,,Vermont ,University of Vermont 
6,Colgate ,Colgate University ,ECAC Hockey,15,7,1,0.674,2020,,W,,,,,,,,,Wisconsin ,University of Wisconsin
7,Robert Morris ,Robert Morris University ,CHA,16,8,1,0.66,2020,,W,,,,,,,,,Yale ,Yale University 
8,Ohio St. ,The Ohio State University ,WCHA,13,7,0,0.65,2020,,W,,,,,,,,,Grand Total,
9,Minn. Duluth ,University of Minnesota Duluth ,WCHA,12,7,0,0.632,2020,,W,,,,,,,,,,
10,Quinnipiac ,Quinnipiac University ,ECAC Hockey,10,6,0,0.625,2020,,W,,,,,,,,,,
11,Providence ,Providence College ,Hockey East,12,8,1,0.595,2020,,W,,,,,,,,,,
12,Mercyhurst ,Mercyhurst University ,CHA,10,7,1,0.583,2020,,W,,,,,,,,,,
13,Minnesota ,University of Minnesota ,WCHA,11,8,1,0.575,2020,,W,,,,,,,,,,
14,Syracuse ,Syracuse University ,CHA,12,9,1,0.568,2020,,W,,,,,,,,,,
15,Vermont ,University of Vermont ,Hockey East,6,5,0,0.545,2020,,W,,,,,,,,,,
16,Boston U. ,Boston University ,Hockey East,6,6,0,0.5,2020,,W,,,,,,,,,,
17,UConn ,University of Connecticut (UConn) ,Hockey East,9,10,1,0.475,2020,,W,,,,,,,,,,
18,Maine ,University of Maine ,Hockey East,8,9,1,0.472,2020,,W,,,,,,,,,,
19,St. Lawrence ,St. Lawrence University ,ECAC Hockey,6,7,0,0.462,2020,,W,,,,,,,,,,
20,Clarkson ,Clarkson University ,ECAC Hockey,8,10,1,0.447,2020,,W,,,,,,,,,,
21,LIU ,Long Island University ,NEWHA,5,8,0,0.385,2020,,W,,,,,,,,,,
22,Minnesota St. ,"Minnesota State University, Mankato ",WCHA,7,12,1,0.375,2020,,W,,,,,,,,,,
23,St. Cloud St. ,St. Cloud State University ,WCHA,6,12,1,0.342,2020,,W,,,,,,,,,,
24,New Hampshire ,University of New Hampshire ,Hockey East,7,14,1,0.341,2020,,W,,,,,,,,,,
25,Holy Cross ,College of the Holy Cross ,Hockey East,4,15,1,0.225,2020,,W,,,,,,,,,,
26,Bemidji St. ,Bemidji State University ,WCHA,2,16,2,0.15,2020,,W,,,,,,,,,,
27,Lindenwood ,Lindenwood University ,CHA,2,14,1,0.147,2020,,W,,,,,,,,,,
28,Sacred Heart ,Sacred Heart University ,NEWHA,1,10,0,0.091,2020,,W,,,,,,,,,,
29,Merrimack ,Merrimack College ,Hockey East,1,15,0,0.063,2020,,W,,,,,,,,,,
29,RIT ,Rochester Institute of Technology (RIT) ,CHA,1,15,0,0.063,2020,,W,,,,,,,,,,
1,Cornell ,Cornell University ,ECAC Hockey,28,2,3,0.894,2019,,W,,,,,,,,,,
2,Northeastern ,Northeastern University ,Hockey East,32,4,2,0.868,2019,,W,,,,,,,,,,
3,Wisconsin ,University of Wisconsin,WCHA,28,5,3,0.819,2019,,W,,,,,,,,,,
4,Princeton ,Princeton University ,ECAC,26,6,1,0.803,2019,,W,,,,,,,,,,
5,Minnesota ,University of Minnesota ,WCHA,27,6,3,0.792,2019,,W,,,,,,,,,,
6,Clarkson ,Clarkson University ,ECAC Hockey,25,6,6,0.757,2019,,W,,,,,,,,,,
7,Boston U. ,Boston University ,Patriot,24,8,4,0.722,2019,,W,,,,,,,,,,
8,Ohio St. ,The Ohio State University ,WCHA,24,8,6,0.711,2019,,W,,,,,,,,,,
9,Sacred Heart ,Sacred Heart University ,Independent,21,11,0,0.656,2019,,W,,,,,,,,,,
9,Franklin Pierce ,Franklin Pierce University ,New England Hockey ,21,11,0,0.656,2019,,W,,,,,,,,,,
11,Mercyhurst ,Mercyhurst University ,CHA,21,10,5,0.653,2019,,W,,,,,,,,,,
12,Robert Morris ,Robert Morris University ,CHA,20,12,4,0.611,2019,,W,,,,,,,,,,
13,Minn. Duluth ,University of Minnesota Duluth ,WCHA,18,12,6,0.583,2019,,W,,,,,,,,,,
14,Quinnipiac ,Quinnipiac University ,ECAC Hockey,20,14,3,0.581,2019,,W,,,,,,,,,,
15,Harvard ,Harvard University ,ECAC Hockey,18,14,1,0.561,2019,,W,,,,,,,,,,
16,Providence ,Providence College ,Big East,18,14,4,0.556,2019,,W,,,,,,,,,,
17,New Hampshire ,University of New Hampshire ,Hockey East,18,15,4,0.541,2019,,W,,,,,,,,,,
18,Yale ,Yale University ,ECAC Hockey,17,15,0,0.531,2019,,W,,,,,,,,,,
19,St. Anselm ,Saint Anselm College ,Independent,16,14,3,0.53,2019,,W,,,,,,,,,,
20,Colgate ,Colgate University ,ECAC Hockey,17,15,6,0.526,2019,,W,,,,,,,,,,
21,Boston College ,Boston College ,Hockey East,17,16,3,0.514,2019,,W,,,,,,,,,,
22,Maine ,University of Maine ,Hockey East,15,14,8,0.514,2019,,W,,,,,,,,,,
23,UConn ,University of Connecticut (UConn) ,Hockey East,19,18,2,0.513,2019,,W,,,,,,,,,,
24,Bemidji St. ,Bemidji State University ,WCHA,16,18,3,0.473,2019,,W,,,,,,,,,,
25,Penn St. ,Pennsylvania State University ,CHA,13,15,8,0.472,2019,,W,,,,,,,,,,
26,St. Lawrence ,St. Lawrence University ,ECAC Hockey,13,16,7,0.458,2019,,W,,,,,,,,,,
27,LIU ,Long Island University ,New England Hockey ,14,18,0,0.438,2019,,W,,,,,,,,,,
28,Syracuse ,Syracuse University ,CHA,14,20,2,0.417,2019,,W,,,,,,,,,,
29,RIT ,Rochester Institute of Technology (RIT) ,CHA,12,19,4,0.4,2019,,W,,,,,,,,,,
30,Vermont ,University of Vermont ,Hockey East,10,18,8,0.389,2019,,W,,,,,,,,,,
31,Minnesota St. ,"Minnesota State University, Mankato ",WCHA,11,20,6,0.378,2019,,W,,,,,,,,,,
32,Post ,Post University ,NEWHA,12,23,0,0.343,2019,,W,,,,,,,,,,
33,Dartmouth ,Dartmouth College ,Ivy League,7,19,3,0.293,2019,,W,,,,,,,,,,
34,Saint Michael's ,Saint Michael's College ,New England Hockey ,5,21,4,0.233,2019,,W,,,,,,,,,,
35,St. Cloud St. ,St. Cloud State University ,WCHA,6,25,4,0.229,2019,,W,,,,,,,,,,
36,Holy Cross ,College of the Holy Cross ,Hockey East,5,23,5,0.227,2019,,W,,,,,,,,,,
37,Lindenwood ,Lindenwood University ,CHA,5,24,5,0.221,2019,,W,,,,,,,,,,
37,Merrimack ,Merrimack College ,NEC,5,24,5,0.221,2019,,W,,,,,,,,,,
37,Union ,Union College (New York) ,NY,5,24,5,0.221,2019,,W,,,,,,,,,,
40,Brown ,Brown University ,ECAC Hockey,3,23,3,0.155,2019,,W,,,,,,,,,,
41,Rensselaer ,Rensselaer Polytechnic Institute (RPI) ,ECAC Hockey,0,33,1,0.015,2019,,W,,,,,,,,,,
1,Wisconsin ,University of Wisconsin,WCHA,35,4,2,0.878,2018,,W,,,,,,,,,,
2,Minnesota ,University of Minnesota ,WCHA,32,6,1,0.833,2018,,W,,,,,,,,,,
3,Northeastern ,Northeastern University ,Hockey East,27,6,5,0.776,2018,,W,,,,,,,,,,
4,Clarkson ,Clarkson University ,ECAC Hockey,30,8,2,0.775,2018,,W,,,,,,,,,,
5,Cornell ,Cornell University ,ECAC Hockey,24,6,6,0.75,2018,,W,,,,,,,,,,
6,Sacred Heart ,Sacred Heart University ,DI Independent,20,8,4,0.688,2018,,W,,,,,,,,,,
7,Princeton ,Princeton University ,ECAC Hockey,20,8,5,0.682,2018,,W,,,,,,,,,,
8,Boston College ,Boston College ,Hockey East,26,12,1,0.679,2018,,W,,,,,,,,,,
9,Providence ,Providence College ,Hockey East,24,11,2,0.676,2018,,W,,,,,,,,,,
9,Boston U. ,Boston University ,Hockey East,21,8,8,0.676,2018,,W,,,,,,,,,,
11,Colgate ,Colgate University ,ECAC Hockey,23,10,5,0.671,2018,,W,,,,,,,,,,
12,Ohio St. ,The Ohio State University ,WCHA,20,13,2,0.6,2018,,W,,,,,,,,,,
13,Merrimack ,Merrimack College ,Hockey East,16,13,7,0.542,2018,,W,,,,,,,,,,
14,Robert Morris ,Robert Morris University ,CHA,16,14,6,0.528,2018,,W,,,,,,,,,,
15,Mercyhurst ,Mercyhurst University ,CHA,15,14,5,0.515,2018,,W,,,,,,,,,,
16,St. Lawrence ,St. Lawrence University ,ECAC Hockey,14,15,7,0.486,2018,,W,,,,,,,,,,
16,Penn St. ,Pennsylvania State University ,CHA,13,14,9,0.486,2018,,W,,,,,,,,,,
18,Minn. Duluth ,University of Minnesota Duluth ,WCHA,15,16,4,0.486,2018,,W,,,,,,,,,,
19,Maine ,University of Maine ,Hockey East,14,15,5,0.485,2018,,W,,,,,,,,,,
20,Harvard ,Harvard University ,ECAC Hockey,12,15,5,0.453,2018,,W,,,,,,,,,,
21,Rensselaer ,Rensselaer Polytechnic Institute (RPI) ,ECAC Hockey,14,18,5,0.446,2018,,W,,,,,,,,,,
22,UConn ,University of Connecticut (UConn) ,Hockey East,14,18,4,0.444,2018,,W,,,,,,,,,,
22,New Hampshire ,University of New Hampshire ,Hockey East,13,17,6,0.444,2018,,W,,,,,,,,,,
24,Quinnipiac ,Quinnipiac University ,ECAC Hockey,12,18,6,0.417,2018,,W,,,,,,,,,,
25,RIT ,Rochester Institute of Technology (RIT) ,CHA,12,18,5,0.414,2018,,W,,,,,,,,,,
26,Bemidji St. ,Bemidji State University ,WCHA,13,21,2,0.389,2018,,W,,,,,,,,,,
27,Syracuse ,Syracuse University ,CHA,13,22,3,0.382,2018,,W,,,,,,,,,,
28,Vermont ,University of Vermont ,Hockey East,10,20,6,0.361,2018,,W,,,,,,,,,,
29,Minnesota St. ,"Minnesota State University, Mankato ",WCHA,9,19,7,0.357,2018,,W,,,,,,,,,,
30,Yale ,Yale University ,ECAC Hockey,8,18,3,0.328,2018,,W,,,,,,,,,,
31,St. Cloud St. ,St. Cloud State University ,WCHA,10,25,2,0.297,2018,,W,,,,,,,,,,
32,Lindenwood ,Lindenwood University ,CHA,7,22,4,0.273,2018,,W,,,,,,,,,,
33,Brown ,Brown University ,ECAC Hockey,5,20,4,0.241,2018,,W,,,,,,,,,,
34,Dartmouth ,Dartmouth College ,ECAC Hockey,5,21,3,0.224,2018,,W,,,,,,,,,,
35,Post ,Post University ,DI Independent,6,27,0,0.182,2018,,W,,,,,,,,,,
1,Clarkson ,Clarkson University ,ECAC Hockey,36,4,1,0.89,2017,,W,,,,,,,,,,
2,Wisconsin ,University of Wisconsin,WCHA,31,5,2,0.842,2017,,W,,,,,,,,,,
3,Colgate ,Colgate University ,ECAC Hockey,34,6,1,0.841,2017,,W,,,,,,,,,,
4,Boston College ,Boston College ,Hockey East,30,5,3,0.829,2017,,W,,,,,,,,,,
5,Sacred Heart ,Sacred Heart University ,DI Independent,27,6,2,0.8,2017,,W,,,,,,,,,,
6,St. Anselm ,Saint Anselm College ,DI Independent,21,4,4,0.793,2017,,W,,,,,,,,,,
7,Robert Morris ,Robert Morris University ,CHA,21,8,4,0.697,2017,,W,,,,,,,,,,
8,Cornell ,Cornell University ,ECAC Hockey,21,9,3,0.682,2017,,W,,,,,,,,,,
9,Minnesota ,University of Minnesota ,WCHA,24,11,3,0.671,2017,,W,,,,,,,,,,
10,Ohio St. ,The Ohio State University ,WCHA,24,11,4,0.667,2017,,W,,,,,,,,,,
11,St. Lawrence ,St. Lawrence University ,ECAC Hockey,20,11,4,0.629,2017,,W,,,,,,,,,,
12,Holy Cross ,College of the Holy Cross ,DI Independent,16,9,3,0.625,2017,,W,,,,,,,,,,
13,Franklin Pierce ,Franklin Pierce University ,DI Independent,16,12,2,0.567,2017,,W,,,,,,,,,,
14,Maine ,University of Maine ,Hockey East,19,14,5,0.566,2017,,W,,,,,,,,,,
15,Providence ,Providence College ,Hockey East,17,13,7,0.554,2017,,W,,,,,,,,,,
16,Mercyhurst ,Mercyhurst University ,CHA,18,15,4,0.541,2017,,W,,,,,,,,,,
17,Northeastern ,Northeastern University ,Hockey East,19,17,3,0.526,2017,,W,,,,,,,,,,
17,UConn ,University of Connecticut (UConn) ,Hockey East,16,14,9,0.526,2017,,W,,,,,,,,,,
19,Princeton ,Princeton University ,ECAC Hockey,14,14,4,0.5,2017,,W,,,,,,,,,,
20,Quinnipiac ,Quinnipiac University ,ECAC Hockey,16,17,3,0.486,2017,,W,,,,,,,,,,
20,New Hampshire ,University of New Hampshire ,Hockey East,14,15,7,0.486,2017,,W,,,,,,,,,,
22,Minn. Duluth ,University of Minnesota Duluth ,WCHA,15,16,4,0.486,2017,,W,,,,,,,,,,
23,Bemidji St. ,Bemidji State University ,WCHA,16,19,3,0.461,2017,,W,,,,,,,,,,
24,Boston U. ,Boston University ,Hockey East,14,17,6,0.459,2017,,W,,,,,,,,,,
25,Harvard ,Harvard University ,ECAC Hockey,13,16,2,0.452,2017,,W,,,,,,,,,,
26,Penn St. ,Pennsylvania State University ,CHA,10,15,11,0.431,2017,,W,,,,,,,,,,
27,Syracuse ,Syracuse University ,CHA,13,21,2,0.389,2017,,W,,,,,,,,,,
28,Yale ,Yale University ,ECAC Hockey,10,17,4,0.387,2017,,W,,,,,,,,,,
29,Merrimack ,Merrimack College ,Hockey East,11,20,3,0.368,2017,,W,,,,,,,,,,
30,Vermont ,University of Vermont ,Hockey East,10,20,5,0.357,2017,,W,,,,,,,,,,
31,Rensselaer ,Rensselaer Polytechnic Institute (RPI) ,ECAC Hockey,9,19,6,0.353,2017,,W,,,,,,,,,,
32,Lindenwood ,Lindenwood University ,CHA,10,20,1,0.339,2017,,W,,,,,,,,,,
33,St. Cloud St. ,St. Cloud State University ,WCHA,8,20,5,0.318,2017,,W,,,,,,,,,,
34,Union ,Union College (New York) ,NY,7,22,5,0.279,2017,,W,,,,,,,,,,
35,Dartmouth ,Dartmouth College ,ECAC Hockey,5,19,3,0.241,2017,,W,,,,,,,,,,
1,Wisconsin ,University of Wisconsin,WCHA,33,3,4,0.875,2016,,W,,,,,,,,,,
2,Clarkson ,Clarkson University ,ECAC Hockey,32,4,5,0.841,2016,,W,,,,,,,,,,
3,Boston College ,Boston College ,Hockey East,28,6,5,0.782,2016,,W,,,,,,,,,,
4,St. Lawrence ,St. Lawrence University ,ECAC Hockey,26,6,4,0.778,2016,,W,,,,,,,,,,
5,Robert Morris ,Robert Morris University ,CHA,24,5,6,0.771,2016,,W,,,,,,,,,,
6,Minn. Duluth ,University of Minnesota Duluth ,WCHA,25,7,5,0.743,2016,,W,,,,,,,,,,
7,Minnesota ,University of Minnesota ,WCHA,26,8,5,0.731,2016,,W,,,,,,,,,,
8,Cornell ,Cornell University ,ECAC Hockey,20,9,5,0.662,2016,,W,,,,,,,,,,
9,Colgate ,Colgate University ,ECAC Hockey,22,11,3,0.653,2016,,W,,,,,,,,,,
10,Princeton ,Princeton University ,ECAC Hockey,20,10,3,0.652,2016,,W,,,,,,,,,,
11,Quinnipiac ,Quinnipiac University ,ECAC Hockey,21,10,6,0.649,2016,,W,,,,,,,,,,
12,Northeastern ,Northeastern University ,Hockey East,22,12,3,0.635,2016,,W,,,,,,,,,,
13,Boston U. ,Boston University ,Hockey East,19,12,6,0.595,2016,,W,,,,,,,,,,
14,Syracuse ,Syracuse University ,CHA,16,13,5,0.544,2016,,W,,,,,,,,,,
15,Vermont ,University of Vermont ,Hockey East,15,14,9,0.513,2016,,W,,,,,,,,,,
16,Providence ,Providence College ,Hockey East,17,17,3,0.5,2016,,W,,,,,,,,,,
16,North Dakota ,University of North Dakota ,WCHA,16,16,6,0.5,2016,,W,,,,,,,,,,
18,Mercyhurst ,Mercyhurst University ,CHA,15,18,2,0.457,2016,,W,,,,,,,,,,
19,Ohio St. ,The Ohio State University ,WCHA,14,18,5,0.446,2016,,W,,,,,,,,,,
20,UConn ,University of Connecticut (UConn) ,Hockey East,14,18,4,0.444,2016,,W,,,,,,,,,,
21,New Hampshire ,University of New Hampshire ,Hockey East,14,19,2,0.429,2016,,W,,,,,,,,,,
22,Yale ,Yale University ,ECAC Hockey,10,17,4,0.387,2016,,W,,,,,,,,,,
23,Bemidji St. ,Bemidji State University ,WCHA,12,20,3,0.386,2016,,W,,,,,,,,,,
24,Merrimack ,Merrimack College ,Hockey East,11,22,3,0.347,2016,,W,,,,,,,,,,
25,Penn St. ,Pennsylvania State University ,CHA,9,21,5,0.329,2016,,W,,,,,,,,,,
26,Maine ,University of Maine ,Hockey East,10,21,1,0.328,2016,,W,,,,,,,,,,
27,Rensselaer ,Rensselaer Polytechnic Institute (RPI) ,ECAC Hockey,10,24,2,0.306,2016,,W,,,,,,,,,,
27,St. Cloud St. ,St. Cloud State University ,WCHA,9,23,4,0.306,2016,,W,,,,,,,,,,
29,Harvard ,Harvard University ,ECAC Hockey,5,19,5,0.259,2016,,W,,,,,,,,,,
30,Dartmouth ,Dartmouth College ,ECAC Hockey,7,21,0,0.25,2016,,W,,,,,,,,,,
31,Minnesota St. ,"Minnesota State University, Mankato ",WCHA,7,26,4,0.243,2016,,W,,,,,,,,,,
32,Brown ,Brown University ,ECAC Hockey,7,22,0,0.241,2016,,W,,,,,,,,,,
33,RIT ,Rochester Institute of Technology (RIT) ,CHA,7,27,2,0.222,2016,,W,,,,,,,,,,
34,Lindenwood ,Lindenwood University ,CHA,6,25,2,0.212,2016,,W,,,,,,,,,,
35,Union ,Union College (New York) ,NY,5,28,1,0.162,2016,,W,,,,,,,,,,
1,Boston College ,Boston College ,Hockey East,40,1,0,0.976,2015,,W,,,,,,,,,,
2,Minnesota ,University of Minnesota ,WCHA,35,4,1,0.888,2015,,W,,,,,,,,,,
2,Wisconsin ,University of Wisconsin,WCHA,35,4,1,0.888,2015,,W,,,,,,,,,,
4,Quinnipiac ,Quinnipiac University ,ECAC Hockey,30,3,5,0.855,2015,,W,,,,,,,,,,
5,Clarkson ,Clarkson University ,ECAC Hockey,30,5,5,0.813,2015,,W,,,,,,,,,,
6,Northeastern ,Northeastern University ,Hockey East,28,9,1,0.75,2015,,W,,,,,,,,,,
7,Princeton ,Princeton University ,ECAC Hockey,22,9,2,0.697,2015,,W,,,,,,,,,,
8,Colgate ,Colgate University ,ECAC Hockey,22,9,7,0.671,2015,,W,,,,,,,,,,
9,Bemidji St. ,Bemidji State University ,WCHA,22,11,3,0.653,2015,,W,,,,,,,,,,
10,Boston U. ,Boston University ,Hockey East,23,14,2,0.615,2015,,W,,,,,,,,,,
11,Mercyhurst ,Mercyhurst University ,CHA,19,11,5,0.614,2015,,W,,,,,,,,,,
12,North Dakota ,University of North Dakota ,WCHA,18,12,5,0.586,2015,,W,,,,,,,,,,
13,Harvard ,Harvard University ,ECAC Hockey,17,12,3,0.578,2015,,W,,,,,,,,,,
14,Syracuse ,Syracuse University ,CHA,19,14,3,0.569,2015,,W,,,,,,,,,,
15,UConn ,University of Connecticut (UConn) ,Hockey East,17,15,5,0.527,2015,,W,,,,,,,,,,
16,St. Lawrence ,St. Lawrence University ,ECAC Hockey,17,15,6,0.526,2015,,W,,,,,,,,,,
17,Robert Morris ,Robert Morris University ,CHA,17,16,5,0.513,2015,,W,,,,,,,,,,
18,Cornell ,Cornell University ,ECAC Hockey,13,14,4,0.484,2015,,W,,,,,,,,,,
19,Sacred Heart ,Sacred Heart University ,Independent,12,13,2,0.481,2015,,W,,,,,,,,,,
20,St. Cloud St. ,St. Cloud State University ,WCHA,13,18,4,0.429,2015,,W,,,,,,,,,,
21,Minn. Duluth ,University of Minnesota Duluth ,WCHA,15,21,1,0.419,2015,,W,,,,,,,,,,
22,Penn St. ,Pennsylvania State University ,CHA,12,19,6,0.405,2015,,W,,,,,,,,,,
23,Rensselaer ,Rensselaer Polytechnic Institute (RPI) ,ECAC Hockey,10,17,7,0.397,2015,,W,,,,,,,,,,
24,Yale ,Yale University ,ECAC Hockey,10,17,2,0.379,2015,,W,,,,,,,,,,
25,New Hampshire ,University of New Hampshire ,Hockey East,11,24,1,0.319,2015,,W,,,,,,,,,,
26,Maine ,University of Maine ,Hockey East,10,23,2,0.314,2015,,W,,,,,,,,,,
27,Providence ,Providence College ,Hockey East,10,24,2,0.306,2015,,W,,,,,,,,,,
28,Lindenwood ,Lindenwood University ,CHA,9,24,4,0.297,2015,,W,,,,,,,,,,
29,Ohio St. ,The Ohio State University ,WCHA,10,25,1,0.292,2015,,W,,,,,,,,,,
30,Vermont ,University of Vermont ,Hockey East,9,25,3,0.284,2015,,W,,,,,,,,,,
31,Dartmouth ,Dartmouth College ,ECAC Hockey,6,19,3,0.268,2015,,W,,,,,,,,,,
32,Merrimack ,Merrimack College ,Hockey East,5,26,3,0.191,2015,,W,,,,,,,,,,
33,Brown ,Brown University ,ECAC Hockey,3,23,3,0.155,2015,,W,,,,,,,,,,
34,Minnesota St. ,"Minnesota State University, Mankato ",WCHA,3,29,4,0.139,2015,,W,,,,,,,,,,
35,Union ,Union College (New York) ,NY,0,28,6,0.088,2015,,W,,,,,,,,,,
1,Boston College ,Boston College ,Hockey East,34,3,2,0.897,2014,,W,,,,,,,,,,
2,Minnesota ,University of Minnesota ,WCHA,34,3,4,0.878,2014,,W,,,,,,,,,,
3,Harvard ,Harvard University ,ECAC Hockey,27,6,3,0.792,2014,,W,,,,,,,,,,
4,Wisconsin ,University of Wisconsin,WCHA,29,7,4,0.775,2014,,W,,,,,,,,,,
5,Quinnipiac ,Quinnipiac University ,ECAC Hockey,26,9,3,0.724,2014,,W,,,,,,,,,,
6,Boston U. ,Boston University ,Hockey East,25,9,3,0.716,2014,,W,,,,,,,,,,
7,Mercyhurst ,Mercyhurst University ,CHA,23,9,3,0.7,2014,,W,,,,,,,,,,
8,Holy Cross ,College of the Holy Cross ,New England Hockey ,18,7,3,0.696,2014,,W,,,,,,,,,,
9,Clarkson ,Clarkson University ,ECAC Hockey,24,11,3,0.671,2014,,W,,,,,,,,,,
10,North Dakota ,University of North Dakota ,WCHA,22,12,3,0.635,2014,,W,,,,,,,,,,
11,Cornell ,Cornell University ,ECAC Hockey,19,11,3,0.621,2014,,W,,,,,,,,,,
12,Minn. Duluth ,University of Minnesota Duluth ,WCHA,20,12,5,0.608,2014,,W,,,,,,,,,,
13,St. Lawrence ,St. Lawrence University ,ECAC Hockey,19,12,5,0.597,2014,,W,,,,,,,,,,
14,Bemidji St. ,Bemidji State University ,WCHA,21,17,1,0.551,2014,,W,,,,,,,,,,
15,Princeton ,Princeton University ,ECAC Hockey,15,14,2,0.516,2014,,W,,,,,,,,,,
16,Ohio St. ,The Ohio State University ,WCHA,17,16,3,0.514,2014,,W,,,,,,,,,,
17,Penn St. ,Pennsylvania State University ,CHA,17,16,4,0.514,2014,,W,,,,,,,,,,
18,Yale ,Yale University ,ECAC Hockey,15,15,1,0.5,2014,,W,,,,,,,,,,
19,Dartmouth ,Dartmouth College ,ECAC Hockey,13,15,2,0.467,2014,,W,,,,,,,,,,
20,Northeastern ,Northeastern University ,Hockey East,14,17,5,0.458,2014,,W,,,,,,,,,,
21,Vermont ,University of Vermont ,Hockey East,15,19,2,0.444,2014,,W,,,,,,,,,,
21,Syracuse ,Syracuse University ,CHA,11,15,10,0.444,2014,,W,,,,,,,,,,
23,UConn ,University of Connecticut (UConn) ,Hockey East,11,18,8,0.405,2014,,W,,,,,,,,,,
24,Robert Morris ,Robert Morris University ,CHA,11,19,5,0.386,2014,,W,,,,,,,,,,
25,Maine ,University of Maine ,Hockey East,10,20,3,0.348,2014,,W,,,,,,,,,,
26,Sacred Heart ,Sacred Heart University ,Independent,7,15,3,0.34,2014,,W,,,,,,,,,,
27,Lindenwood ,Lindenwood University ,CHA,10,21,2,0.333,2014,,W,,,,,,,,,,
28,New Hampshire ,University of New Hampshire ,Hockey East,10,23,3,0.319,2014,,W,,,,,,,,,,
29,Rensselaer ,Rensselaer Polytechnic Institute (RPI) ,ECAC Hockey,7,23,4,0.265,2014,,W,,,,,,,,,,
30,Colgate ,Colgate University ,ECAC Hockey,7,25,2,0.235,2014,,W,,,,,,,,,,
30,Union ,Union College (New York) ,NY,4,22,8,0.235,2014,,W,,,,,,,,,,
32,St. Cloud St. ,St. Cloud State University ,WCHA,8,28,1,0.23,2014,,W,,,,,,,,,,
33,Providence ,Providence College ,Hockey East,6,25,4,0.229,2014,,W,,,,,,,,,,
34,Brown ,Brown University ,ECAC Hockey,5,23,1,0.19,2014,,W,,,,,,,,,,
35,Minnesota St. ,"Minnesota State University, Mankato ",WCHA,3,32,1,0.097,2014,,W,,,,,,,,,,
1,Minnesota ,University of Minnesota ,WCHA,38,2,1,0.939,2013,,W,,,,,,,,,,
2,Clarkson ,Clarkson University ,ECAC Hockey,31,5,5,0.817,2013,,W,,,,,,,,,,
3,Boston College ,Boston College ,Hockey East,27,7,3,0.77,2013,,W,,,,,,,,,,
4,Cornell ,Cornell University ,ECAC Hockey,24,6,4,0.765,2013,,W,,,,,,,,,,
5,Wisconsin ,University of Wisconsin,WCHA,28,8,2,0.763,2013,,W,,,,,,,,,,
6,Harvard ,Harvard University ,ECAC Hockey,23,7,4,0.735,2013,,W,,,,,,,,,,
7,Robert Morris ,Robert Morris University ,CHA,24,8,3,0.729,2013,,W,,,,,,,,,,
8,Quinnipiac ,Quinnipiac University ,ECAC Hockey,22,6,9,0.716,2013,,W,,,,,,,,,,
9,Mercyhurst ,Mercyhurst University ,CHA,24,9,4,0.703,2013,,W,,,,,,,,,,
10,Holy Cross ,College of the Holy Cross ,New England Hockey ,18,8,1,0.685,2013,,W,,,,,,,,,,
11,Boston U. ,Boston University ,Hockey East,24,13,1,0.645,2013,,W,,,,,,,,,,
12,North Dakota ,University of North Dakota ,WCHA,20,12,4,0.611,2013,,W,,,,,,,,,,
13,Syracuse ,Syracuse University ,CHA,20,14,3,0.581,2013,,W,,,,,,,,,,
14,Northeastern ,Northeastern University ,Hockey East,19,14,2,0.571,2013,,W,,,,,,,,,,
15,Vermont ,University of Vermont ,Hockey East,18,14,4,0.556,2013,,W,,,,,,,,,,
16,Princeton ,Princeton University ,ECAC Hockey,14,13,4,0.516,2013,,W,,,,,,,,,,
17,Minn. Duluth ,University of Minnesota Duluth ,WCHA,15,15,6,0.5,2013,,W,,,,,,,,,,
18,Ohio St. ,The Ohio State University ,WCHA,15,17,5,0.473,2013,,W,,,,,,,,,,
19,St. Lawrence ,St. Lawrence University ,ECAC Hockey,13,19,3,0.414,2013,,W,,,,,,,,,,
20,Yale ,Yale University ,ECAC Hockey,9,16,7,0.391,2013,,W,,,,,,,,,,
21,Minnesota St. ,"Minnesota State University, Mankato ",WCHA,13,23,1,0.365,2013,,W,,,,,,,,,,
22,Bemidji St. ,Bemidji State University ,WCHA,11,21,4,0.361,2013,,W,,,,,,,,,,
23,Rensselaer ,Rensselaer Polytechnic Institute (RPI) ,ECAC Hockey,10,20,3,0.348,2013,,W,,,,,,,,,,
24,Colgate ,Colgate University ,ECAC Hockey,10,22,2,0.324,2013,,W,,,,,,,,,,
25,Dartmouth ,Dartmouth College ,ECAC Hockey,9,20,1,0.317,2013,,W,,,,,,,,,,
26,Providence ,Providence College ,Hockey East,11,24,0,0.314,2013,,W,,,,,,,,,,
27,Maine ,University of Maine ,Hockey East,7,20,5,0.297,2013,,W,,,,,,,,,,
28,New Hampshire ,University of New Hampshire ,Hockey East,9,23,2,0.294,2013,,W,,,,,,,,,,
29,UConn ,University of Connecticut (UConn) ,Hockey East,9,24,2,0.286,2013,,W,,,,,,,,,,
30,Union ,Union College (New York) ,NY,9,24,1,0.279,2013,,W,,,,,,,,,,
31,Sacred Heart ,Sacred Heart University ,Independent,3,15,7,0.26,2013,,W,,,,,,,,,,
32,Brown ,Brown University ,ECAC Hockey,4,20,5,0.224,2013,,W,,,,,,,,,,
33,Lindenwood ,Lindenwood University ,CHA,5,26,3,0.191,2013,,W,,,,,,,,,,
34,St. Cloud St. ,St. Cloud State University ,WCHA,4,27,5,0.181,2013,,W,,,,,,,,,,
35,Penn St. ,Pennsylvania State University ,CHA,4,29,3,0.153,2013,,W,,,,,,,,,,
1,Minnesota ,University of Minnesota ,WCHA,41,0,0,1,2012,,W,,,,,,,,,,
2,Cornell ,Cornell University ,ECAC Hockey,27,6,1,0.809,2012,,W,,,,,,,,,,
3,Mercyhurst ,Mercyhurst University ,CHA,29,7,1,0.797,2012,,W,,,,,,,,,,
3,Boston U. ,Boston University ,Hockey East,28,6,3,0.797,2012,,W,,,,,,,,,,
5,Boston College ,Boston College ,Hockey East,27,7,3,0.77,2012,,W,,,,,,,,,,
6,Harvard ,Harvard University ,ECAC Hockey,24,7,3,0.75,2012,,W,,,,,,,,,,
7,Clarkson ,Clarkson University ,ECAC Hockey,28,10,0,0.737,2012,,W,,,,,,,,,,
8,Wisconsin ,University of Wisconsin,WCHA,23,10,2,0.686,2012,,W,,,,,,,,,,
9,North Dakota ,University of North Dakota ,WCHA,26,12,1,0.679,2012,,W,,,,,,,,,,
10,Northeastern ,Northeastern University ,Hockey East,23,11,2,0.667,2012,,W,,,,,,,,,,
11,Quinnipiac ,Quinnipiac University ,ECAC Hockey,20,12,4,0.611,2012,,W,,,,,,,,,,
12,Dartmouth ,Dartmouth College ,ECAC Hockey,16,10,5,0.597,2012,,W,,,,,,,,,,
13,Syracuse ,Syracuse University ,CHA,20,15,1,0.569,2012,,W,,,,,,,,,,
14,St. Lawrence ,St. Lawrence University ,ECAC Hockey,19,14,5,0.566,2012,,W,,,,,,,,,,
15,Ohio St. ,The Ohio State University ,WCHA,19,15,3,0.554,2012,,W,,,,,,,,,,
16,Sacred Heart ,Sacred Heart University ,Independent,16,13,2,0.548,2012,,W,,,,,,,,,,
17,Robert Morris ,Robert Morris University ,CHA,15,15,3,0.5,2012,,W,,,,,,,,,,
18,Providence ,Providence College ,Hockey East,15,16,5,0.486,2012,,W,,,,,,,,,,
19,Minn. Duluth ,University of Minnesota Duluth ,WCHA,14,16,4,0.471,2012,,W,,,,,,,,,,
19,New Hampshire ,University of New Hampshire ,Hockey East,14,16,4,0.471,2012,,W,,,,,,,,,,
21,Princeton ,Princeton University ,ECAC Hockey,11,16,2,0.414,2012,,W,,,,,,,,,,
22,Colgate ,Colgate University ,ECAC Hockey,11,21,3,0.357,2012,,W,,,,,,,,,,
23,Minnesota St. ,"Minnesota State University, Mankato ",WCHA,10,21,5,0.347,2012,,W,,,,,,,,,,
24,Rensselaer ,Rensselaer Polytechnic Institute (RPI) ,ECAC Hockey,10,22,4,0.333,2012,,W,,,,,,,,,,
25,Vermont ,University of Vermont ,Hockey East,8,21,4,0.303,2012,,W,,,,,,,,,,
26,St. Cloud St. ,St. Cloud State University ,WCHA,9,24,3,0.292,2012,,W,,,,,,,,,,
27,Union ,Union College (New York) ,NY,7,23,4,0.265,2012,,W,,,,,,,,,,
28,Brown ,Brown University ,ECAC Hockey,6,20,1,0.241,2012,,W,,,,,,,,,,
29,Yale ,Yale University ,ECAC Hockey,5,21,3,0.224,2012,,W,,,,,,,,,,
30,Maine ,University of Maine ,Hockey East,5,24,4,0.212,2012,,W,,,,,,,,,,
1,Cornell ,Cornell University ,ECAC Hockey,30,5,0,0.857,2011,30-5,W,,,,,,,,,,
2,Minnesota ,University of Minnesota ,WCHA,34,5,2,0.854,2011,34-5-2,W,,,,,,,,,,
3,Wisconsin ,University of Wisconsin,WCHA,33,5,2,0.85,2011,33-5-2,W,,,,,,,,,,
4,Northeastern ,Northeastern University ,ECAC,22,7,4,0.727,2011,22-7-4,W,,,,,,,,,,
5,Mercyhurst ,Mercyhurst University ,CHA,23,8,3,0.721,2011,23-8-3,W,,,,,,,,,,
6,Harvard ,Harvard University ,ECAC,22,9,1,0.703,2011,22-9-1,W,,,,,,,,,,
7,Boston College ,Boston College ,Hockey East,24,10,3,0.689,2011,24-10-3,W,,,,,,,,,,
8,St. Lawrence ,St. Lawrence University ,ECAC Hockey,24,10,4,0.684,2011,24-10-4,W,,,,,,,,,,
9,Clarkson ,Clarkson University ,ECAC,22,10,5,0.662,2011,22-10-5,W,,,,,,,,,,
10,Robert Morris ,Robert Morris University ,ECAC,19,9,4,0.656,2011,19-9-4,W,,,,,,,,,,
11,North Dakota ,University of North Dakota ,WCHA,22,12,3,0.635,2011,22-12-3,W,,,,,,,,,,
12,Dartmouth ,Dartmouth College ,ECAC,18,10,2,0.633,2011,18-10-2,W,,,,,,,,,,
13,Boston U. ,Boston University ,Hockey East,23,14,1,0.618,2011,23-14-1,W,,,,,,,,,,
14,Minn. Duluth ,University of Minnesota Duluth ,ECAC,21,14,1,0.597,2011,21-14-1,W,,,,,,,,,,
15,Maine ,University of Maine ,ECAC,17,11,6,0.588,2011,17-11-6,W,,,,,,,,,,
16,Quinnipiac ,Quinnipiac University ,ECAC,19,16,2,0.541,2011,19-16-2,W,,,,,,,,,,
17,Bemidji St. ,Bemidji State University ,ECAC,17,17,3,0.5,2011,17-17-3,W,,,,,,,,,,
17,Ohio St. ,The Ohio State University ,ECAC,16,16,4,0.5,2011,16-16-4,W,,,,,,,,,,
19,Providence ,Providence College ,ECAC,16,17,4,0.486,2011,16-17-4,W,,,,,,,,,,
20,Princeton ,Princeton University ,ECAC,12,15,4,0.452,2011,12-15-4,W,,,,,,,,,,
21,Niagara ,Niagara University ,ECAC,10,16,8,0.412,2011,10-16-8,W,,,,,,,,,,
22,Sacred Heart ,Sacred Heart University ,ECAC,11,17,1,0.397,2011,11-17-1,W,,,,,,,,,,
23,Brown ,Brown University ,ECAC,8,16,7,0.371,2011,8-16-7,W,,,,,,,,,,
24,Colgate ,Colgate University ,ECAC,10,21,2,0.333,2011,10-21-2,W,,,,,,,,,,
25,New Hampshire ,University of New Hampshire ,ECAC,10,22,3,0.329,2011,10-22-3,W,,,,,,,,,,
25,Syracuse ,Syracuse University ,Syracuse,10,22,3,0.329,2011,10-22-3,W,,,,,,,,,,
27,Rensselaer ,Rensselaer Polytechnic Institute (RPI) ,ECAC,9,21,4,0.324,2011,9-21-4,W,,,,,,,,,,
28,Vermont ,University of Vermont ,ECAC,4,21,6,0.226,2011,4-21-6,W,,,,,,,,,,
29,UConn ,University of Connecticut (UConn) ,ECAC,4,23,7,0.221,2011,4-23-7,W,,,,,,,,,,
30,Minnesota St. ,"Minnesota State University, Mankato ",ECAC,7,28,1,0.208,2011,7-28-1,W,,,,,,,,,,
31,Union ,Union College (New York) ,NY,4,26,4,0.176,2011,4-26-4,W,,,,,,,,,,
32,St. Cloud St. ,St. Cloud State University ,ECAC,5,29,2,0.167,2011,5-29-2,W,,,,,,,,,,
33,Yale ,Yale University ,ECAC,1,27,1,0.052,2011,1-27-1,W,,,,,,,,,,